PickupDatetimeUTC,DropoffDatetimeUTC,PassengerCount,TripDistance,StoreAndFwd,PickupLocationId,DropoffLocationId,FareAmount,TipAmount
01/01/0001 00:00:00,01/01/0001 00:00:00,1,0.76,"No ",162,141,4.50,1.66
01/01/0001 00:00:00,01/01/0001 00:00:00,1,1.94,"No ",162,141,8.00,2.20
01/01/0001 00:00:00,01/01/0001 00:00:00,1,1.35,"No ",142,141,7.50,2.26
01/01/0001 00:00:00,01/01/0001 00:00:00,1,2.5,"No ",142,151,9.50,2.66
01/01/0001 00:00:00,01/01/0001 00:00:00,1,1.11,"No ",79,249,7.50,1.13
01/01/0001 00:00:00,01/01/0001 00:00:00,1,1.1,"No ",79,45,7.50,0.00
01/01/0001 00:00:00,01/01/0001 00:00:00,1,1.7,"No ",114,209,9.00,3.00
01/01/0001 00:00:00,01/01/0001 00:00:00,1,0.9,"No ",114,234,6.50,2.00
01/01/0001 00:00:00,01/01/0001 00:00:00,1,1.08,"No ",229,237,7.50,0.00
01/01/0001 00:00:00,01/01/0001 00:00:00,1,1.87,"No ",229,262,7.50,2.26
01/01/0001 00:00:00,01/01/0001 00:00:00,2,1.71,"No ",238,143,7.00,0.00
01/01/0001 00:00:00,01/01/0001 00:00:00,2,1.3,"No ",238,143,6.50,2.06
01/01/0001 00:00:00,01/01/0001 00:00:00,1,5.11,"No ",137,74,15.50,3.86
01/01/0001 00:00:00,01/01/0001 00:00:00,1,0.28,"No ",137,170,3.50,0.00
01/01/0001 00:00:00,01/01/0001 00:00:00,2,0.31,"No ",79,79,3.50,1.00
01/01/0001 00:00:00,01/01/0001 00:00:00,2,1.4,"No ",79,249,8.00,2.35
01/01/0001 00:00:00,01/01/0001 00:00:00,1,2.6,"No ",163,79,9.50,3.32
01/01/0001 00:00:00,01/01/0001 00:00:00,1,0.64,"No ",163,161,9.00,2.56
01/01/0001 00:00:00,01/01/0001 00:00:00,1,0.82,"No ",170,229,4.50,0.00
01/01/0001 00:00:00,01/01/0001 00:00:00,1,2.68,"No ",170,232,13.50,3.46
01/01/0001 00:00:00,01/01/0001 00:00:00,1,2.66,"No ",142,166,9.50,2.00
01/01/0001 00:00:00,01/01/0001 00:00:00,1,1.8,"No ",142,141,8.00,2.36
01/01/0001 00:00:00,01/01/0001 00:00:00,1,3.79,"No ",249,97,14.50,0.00
01/01/0001 00:00:00,01/01/0001 00:00:00,1,3.7,"No ",249,13,14.50,3.66
01/01/0001 00:00:00,01/01/0001 00:00:00,1,2,"No ",249,232,9.00,2.00
01/01/0001 00:00:00,01/01/0001 00:00:00,1,1.4,"No ",249,79,8.00,2.36
01/01/0001 00:00:00,01/01/0001 00:00:00,1,0.71,"No ",43,141,5.50,0.00
01/01/0001 00:00:00,01/01/0001 00:00:00,1,0.3,"No ",43,239,3.50,0.00
01/01/0001 00:00:00,01/01/0001 00:00:00,1,0.83,"No ",114,148,5.50,0.00
01/01/0001 00:00:00,01/01/0001 00:00:00,1,1.25,"No ",114,158,8.00,2.36
01/01/0001 00:00:00,01/01/0001 00:00:00,1,1.3,"No ",236,162,5.50,1.86
01/01/0001 00:00:00,01/01/0001 00:00:00,1,1.04,"No ",236,237,5.00,1.76
01/01/0001 00:00:00,01/01/0001 00:00:00,1,0.68,"No ",263,236,4.50,1.88
01/01/0001 00:00:00,01/01/0001 00:00:00,1,0.56,"No ",263,263,3.50,1.46
01/01/0001 00:00:00,01/01/0001 00:00:00,1,1.73,"No ",141,263,7.00,0.00
01/01/0001 00:00:00,01/01/0001 00:00:00,1,5.9,"No ",141,141,18.00,6.50
01/01/0001 00:00:00,01/01/0001 00:00:00,1,1.3,"No ",229,164,7.00,0.00
01/01/0001 00:00:00,01/01/0001 00:00:00,1,1.27,"No ",229,170,7.00,2.16
01/01/0001 00:00:00,01/01/0001 00:00:00,1,1.24,"No ",107,170,7.00,2.70
01/01/0001 00:00:00,01/01/0001 00:00:00,1,3.58,"No ",107,237,15.00,5.64
01/01/0001 00:00:00,01/01/0001 00:00:00,1,0.52,"No ",170,164,4.50,0.00
01/01/0001 00:00:00,01/01/0001 00:00:00,1,1.58,"No ",170,163,9.00,2.56
01/01/0001 00:00:00,01/01/0001 00:00:00,1,1.7,"No ",144,107,10.50,2.86
01/01/0001 00:00:00,01/01/0001 00:00:00,1,1.2,"No ",144,231,9.00,0.00
01/01/0001 00:00:00,01/01/0001 00:00:00,1,2,"No ",239,262,10.50,2.85
01/01/0001 00:00:00,01/01/0001 00:00:00,1,1.3,"No ",239,142,8.50,0.00
01/01/0001 00:00:00,01/01/0001 00:00:00,2,1.2,"No ",263,43,6.50,2.00
01/01/0001 00:00:00,01/01/0001 00:00:00,2,1.2,"No ",263,43,6.50,2.00
01/01/0001 00:00:00,01/01/0001 00:00:00,1,1.1,"No ",237,263,5.00,1.76
01/01/0001 00:00:00,01/01/0001 00:00:00,1,1.16,"No ",237,229,8.00,0.00
01/01/0001 00:00:00,01/01/0001 00:00:00,1,0.78,"No ",113,144,5.00,4.00
01/01/0001 00:00:00,01/01/0001 00:00:00,1,1.5,"No ",113,233,10.00,0.00
01/01/0001 00:00:00,01/01/0001 00:00:00,1,1.28,"No ",236,75,6.50,0.00
01/01/0001 00:00:00,01/01/0001 00:00:00,1,1.6,"No ",236,229,6.50,2.06
01/01/0001 00:00:00,01/01/0001 00:00:00,1,0.3,"No ",239,239,4.00,1.56
01/01/0001 00:00:00,01/01/0001 00:00:00,1,1.74,"No ",239,236,8.50,1.23
01/01/0001 00:00:00,01/01/0001 00:00:00,1,1.91,"No ",142,238,8.50,0.00
01/01/0001 00:00:00,01/01/0001 00:00:00,1,1.83,"No ",142,236,8.50,1.84
01/01/0001 00:00:00,01/01/0001 00:00:00,1,1.5,"No ",249,148,8.00,2.36
01/01/0001 00:00:00,01/01/0001 00:00:00,1,0.96,"No ",249,234,7.00,1.20
01/01/0001 00:00:00,01/01/0001 00:00:00,1,1.23,"No ",114,148,7.00,2.00
01/01/0001 00:00:00,01/01/0001 00:00:00,1,4.8,"No ",114,236,18.50,5.55
01/01/0001 00:00:00,01/01/0001 00:00:00,1,0.62,"No ",141,263,4.00,1.56
01/01/0001 00:00:00,01/01/0001 00:00:00,1,0.4,"No ",141,140,3.50,1.80
01/01/0001 00:00:00,01/01/0001 00:00:00,1,2.23,"No ",79,229,9.00,2.56
01/01/0001 00:00:00,01/01/0001 00:00:00,1,0.93,"No ",79,249,6.00,1.00
01/01/0001 00:00:00,01/01/0001 00:00:00,2,0.56,"No ",238,239,4.00,0.00
01/01/0001 00:00:00,01/01/0001 00:00:00,2,3.5,"No ",238,116,15.50,0.00
01/01/0001 00:00:00,01/01/0001 00:00:00,1,3.57,"No ",164,261,14.00,3.56
01/01/0001 00:00:00,01/01/0001 00:00:00,1,4.08,"No ",164,145,15.50,0.00
01/01/0001 00:00:00,01/01/0001 00:00:00,1,1.8,"No ",114,170,10.50,2.85
01/01/0001 00:00:00,01/01/0001 00:00:00,1,1.72,"No ",114,170,10.50,2.86
01/01/0001 00:00:00,01/01/0001 00:00:00,1,1.4,"No ",238,24,8.00,0.00
01/01/0001 00:00:00,01/01/0001 00:00:00,1,4.96,"No ",238,158,19.00,3.20
01/01/0001 00:00:00,01/01/0001 00:00:00,1,2.54,"No ",161,79,11.50,3.06
01/01/0001 00:00:00,01/01/0001 00:00:00,1,3.07,"No ",161,146,11.50,0.00
01/01/0001 00:00:00,01/01/0001 00:00:00,1,1.44,"No ",43,161,9.00,0.00
01/01/0001 00:00:00,01/01/0001 00:00:00,1,1.3,"No ",43,236,7.00,1.00
01/01/0001 00:00:00,01/01/0001 00:00:00,1,1.31,"No ",43,166,6.50,1.54
01/01/0001 00:00:00,01/01/0001 00:00:00,1,6.2,"No ",239,231,21.50,5.06
01/01/0001 00:00:00,01/01/0001 00:00:00,1,1.44,"No ",239,142,8.00,2.36
01/01/0001 00:00:00,01/01/0001 00:00:00,1,2.17,"No ",79,114,13.50,3.46
01/01/0001 00:00:00,01/01/0001 00:00:00,1,0.6,"No ",79,148,5.00,0.00
01/01/0001 00:00:00,01/01/0001 00:00:00,1,3,"No ",238,140,12.50,0.00
01/01/0001 00:00:00,01/01/0001 00:00:00,1,2.2,"No ",238,141,10.50,2.85
01/01/0001 00:00:00,01/01/0001 00:00:00,1,0.3,"No ",68,246,3.50,0.00
01/01/0001 00:00:00,01/01/0001 00:00:00,1,1.6,"No ",68,158,10.00,2.75
01/01/0001 00:00:00,01/01/0001 00:00:00,1,0.76,"No ",161,233,5.50,1.86
01/01/0001 00:00:00,01/01/0001 00:00:00,1,2.43,"No ",161,141,12.00,0.00
01/01/0001 00:00:00,01/01/0001 00:00:00,1,2.68,"No ",151,141,11.50,3.06
01/01/0001 00:00:00,01/01/0001 00:00:00,1,1.06,"No ",151,238,6.50,0.00
01/01/0001 00:00:00,01/01/0001 00:00:00,1,5.68,"No ",148,143,22.50,7.89
01/01/0001 00:00:00,01/01/0001 00:00:00,1,5.7,"No ",148,239,22.00,5.16
01/01/0001 00:00:00,01/01/0001 00:00:00,1,1.46,"No ",170,161,11.50,0.00
01/01/0001 00:00:00,01/01/0001 00:00:00,1,1.33,"No ",170,229,8.00,1.50
01/01/0001 00:00:00,01/01/0001 00:00:00,1,0.59,"No ",237,236,4.00,0.00
01/01/0001 00:00:00,01/01/0001 00:00:00,1,0.89,"No ",237,263,5.00,1.76
01/01/0001 00:00:00,01/01/0001 00:00:00,2,5.8,"No ",107,166,19.50,0.00
01/01/0001 00:00:00,01/01/0001 00:00:00,2,0.71,"No ",107,107,6.00,1.96
01/01/0001 00:00:00,01/01/0001 00:00:00,1,1,"No ",249,79,7.00,2.16
01/01/0001 00:00:00,01/01/0001 00:00:00,1,1.43,"No ",249,114,8.50,3.08
01/01/0001 00:00:00,01/01/0001 00:00:00,1,2.15,"No ",234,148,12.50,1.00
01/01/0001 00:00:00,01/01/0001 00:00:00,1,0.7,"No ",234,170,5.00,0.00
01/01/0001 00:00:00,01/01/0001 00:00:00,1,8.36,"No ",79,41,25.00,0.00
01/01/0001 00:00:00,01/01/0001 00:00:00,1,1.84,"No ",79,107,10.50,4.29
01/01/0001 00:00:00,01/01/0001 00:00:00,2,0.49,"No ",68,48,5.50,1.50
01/01/0001 00:00:00,01/01/0001 00:00:00,2,1.65,"No ",68,48,10.00,3.45
01/01/0001 00:00:00,01/01/0001 00:00:00,1,0.42,"No ",263,262,3.50,1.46
01/01/0001 00:00:00,01/01/0001 00:00:00,1,4.78,"No ",263,90,23.00,5.36
01/01/0001 00:00:00,01/01/0001 00:00:00,1,1.21,"No ",148,45,7.50,2.26
01/01/0001 00:00:00,01/01/0001 00:00:00,1,2.22,"No ",148,224,11.00,2.96
01/01/0001 00:00:00,01/01/0001 00:00:00,1,3.2,"No ",263,42,11.00,2.96
01/01/0001 00:00:00,01/01/0001 00:00:00,1,1.84,"No ",263,238,8.50,2.46
01/01/0001 00:00:00,01/01/0001 00:00:00,1,2.68,"No ",158,13,10.00,2.76
01/01/0001 00:00:00,01/01/0001 00:00:00,1,0.95,"No ",158,90,5.50,1.00
01/01/0001 00:00:00,01/01/0001 00:00:00,1,1.18,"No ",43,75,7.00,0.01
01/01/0001 00:00:00,01/01/0001 00:00:00,1,2.99,"No ",43,151,11.00,2.96
01/01/0001 00:00:00,01/01/0001 00:00:00,1,0.78,"No ",262,263,4.50,2.08
01/01/0001 00:00:00,01/01/0001 00:00:00,1,0.97,"No ",262,140,5.50,3.00
01/01/0001 00:00:00,01/01/0001 00:00:00,1,1.26,"No ",158,234,9.00,0.00
01/01/0001 00:00:00,01/01/0001 00:00:00,1,0.41,"No ",158,249,4.50,0.83
01/01/0001 00:00:00,01/01/0001 00:00:00,3,1.2,"No ",125,234,7.50,0.00
01/01/0001 00:00:00,01/01/0001 00:00:00,3,1.2,"No ",125,90,7.50,2.25
01/01/0001 00:00:00,01/01/0001 00:00:00,1,3.8,"No ",79,263,16.00,2.00
01/01/0001 00:00:00,01/01/0001 00:00:00,1,0.94,"No ",79,79,6.00,0.00
01/01/0001 00:00:00,01/01/0001 00:00:00,1,2.11,"No ",236,151,10.00,2.76
01/01/0001 00:00:00,01/01/0001 00:00:00,1,0.92,"No ",236,75,4.50,1.66
01/01/0001 00:00:00,01/01/0001 00:00:00,1,1.79,"No ",234,231,9.00,2.56
01/01/0001 00:00:00,01/01/0001 00:00:00,1,0.74,"No ",234,107,5.50,1.86
01/01/0001 00:00:00,01/01/0001 00:00:00,1,0.8,"No ",90,249,7.00,3.20
01/01/0001 00:00:00,01/01/0001 00:00:00,1,2.1,"No ",90,48,12.00,3.15
01/01/0001 00:00:00,01/01/0001 00:00:00,2,2.55,"No ",229,75,9.00,0.00
01/01/0001 00:00:00,01/01/0001 00:00:00,2,2.77,"No ",229,114,10.50,2.86
01/01/0001 00:00:00,01/01/0001 00:00:00,1,1.8,"No ",236,142,9.00,3.20
01/01/0001 00:00:00,01/01/0001 00:00:00,1,2.57,"No ",236,151,11.00,0.00
01/01/0001 00:00:00,01/01/0001 00:00:00,1,0.62,"No ",229,161,6.50,0.00
01/01/0001 00:00:00,01/01/0001 00:00:00,1,1.43,"No ",229,237,7.00,0.00
01/01/0001 00:00:00,01/01/0001 00:00:00,1,2.5,"No ",113,161,16.00,0.00
01/01/0001 00:00:00,01/01/0001 00:00:00,1,0.83,"No ",113,107,6.50,2.06
01/01/0001 00:00:00,01/01/0001 00:00:00,1,1.16,"No ",263,140,6.00,2.94
01/01/0001 00:00:00,01/01/0001 00:00:00,1,6.48,"No ",263,244,21.50,0.00
01/01/0001 00:00:00,01/01/0001 00:00:00,1,0.94,"No ",148,249,6.00,0.00
01/01/0001 00:00:00,01/01/0001 00:00:00,1,0.92,"No ",148,144,6.50,2.06
01/01/0001 00:00:00,01/01/0001 00:00:00,1,1.48,"No ",148,231,7.50,0.00
01/01/0001 00:00:00,01/01/0001 00:00:00,1,1.11,"No ",229,262,5.00,1.76
01/01/0001 00:00:00,01/01/0001 00:00:00,1,6.34,"No ",229,255,22.50,5.26
01/01/0001 00:00:00,01/01/0001 00:00:00,1,1.59,"No ",164,79,9.00,0.00
01/01/0001 00:00:00,01/01/0001 00:00:00,1,4.14,"No ",164,88,17.00,0.00
01/01/0001 00:00:00,01/01/0001 00:00:00,1,0.83,"No ",79,114,6.00,2.45
01/01/0001 00:00:00,01/01/0001 00:00:00,1,1.18,"No ",79,79,7.50,2.82
01/01/0001 00:00:00,01/01/0001 00:00:00,1,2.34,"No ",237,142,10.50,3.58
01/01/0001 00:00:00,01/01/0001 00:00:00,1,0.53,"No ",237,162,5.50,0.00
01/01/0001 00:00:00,01/01/0001 00:00:00,1,0.52,"No ",237,263,4.50,1.66
01/01/0001 00:00:00,01/01/0001 00:00:00,1,1.7,"No ",161,140,8.00,0.01
01/01/0001 00:00:00,01/01/0001 00:00:00,1,1.1,"No ",161,141,10.00,2.75
01/01/0001 00:00:00,01/01/0001 00:00:00,1,2.66,"No ",143,262,11.50,1.53
01/01/0001 00:00:00,01/01/0001 00:00:00,1,0.8,"No ",143,239,5.50,0.00
01/01/0001 00:00:00,01/01/0001 00:00:00,1,3.03,"No ",143,229,13.00,0.00
01/01/0001 00:00:00,01/01/0001 00:00:00,1,0.74,"No ",143,239,4.50,1.00
01/01/0001 00:00:00,01/01/0001 00:00:00,1,0.66,"No ",237,162,5.00,1.76
01/01/0001 00:00:00,01/01/0001 00:00:00,1,1.31,"No ",237,236,7.00,2.16
01/01/0001 00:00:00,01/01/0001 00:00:00,1,1.18,"No ",113,79,8.50,0.00
01/01/0001 00:00:00,01/01/0001 00:00:00,1,1.5,"No ",113,90,8.50,2.46
01/01/0001 00:00:00,01/01/0001 00:00:00,1,1.06,"No ",239,43,6.50,3.09
01/01/0001 00:00:00,01/01/0001 00:00:00,1,2.7,"No ",239,233,13.00,4.00
01/01/0001 00:00:00,01/01/0001 00:00:00,2,0.9,"No ",161,170,5.50,1.70
01/01/0001 00:00:00,01/01/0001 00:00:00,2,0.83,"No ",161,229,10.50,0.00
01/01/0001 00:00:00,01/01/0001 00:00:00,1,0.93,"No ",79,144,7.00,0.00
01/01/0001 00:00:00,01/01/0001 00:00:00,1,1.7,"No ",79,125,9.00,3.80
01/01/0001 00:00:00,01/01/0001 00:00:00,1,11.53,"No ",161,63,35.50,0.00
01/01/0001 00:00:00,01/01/0001 00:00:00,1,0.75,"No ",161,170,12.00,0.00
01/01/0001 00:00:00,01/01/0001 00:00:00,1,9.47,"No ",142,167,28.50,0.00
01/01/0001 00:00:00,01/01/0001 00:00:00,1,1.85,"No ",142,236,11.50,3.06
01/01/0001 00:00:00,01/01/0001 00:00:00,1,2.98,"No ",234,87,12.00,3.16
01/01/0001 00:00:00,01/01/0001 00:00:00,1,1,"No ",234,158,6.50,0.00
01/01/0001 00:00:00,01/01/0001 00:00:00,1,2.72,"No ",249,88,11.50,3.06
01/01/0001 00:00:00,01/01/0001 00:00:00,1,4.56,"No ",249,189,17.50,2.00
01/01/0001 00:00:00,01/01/0001 00:00:00,1,3.13,"No ",141,107,11.00,2.96
01/01/0001 00:00:00,01/01/0001 00:00:00,1,4.34,"No ",141,179,14.00,0.00
01/01/0001 00:00:00,01/01/0001 00:00:00,1,3.91,"No ",142,166,14.00,3.56
01/01/0001 00:00:00,01/01/0001 00:00:00,1,1.21,"No ",142,239,6.50,0.00
01/01/0001 00:00:00,01/01/0001 00:00:00,1,0.5,"No ",237,237,4.00,2.00
01/01/0001 00:00:00,01/01/0001 00:00:00,1,3.67,"No ",237,68,17.00,0.00
01/01/0001 00:00:00,01/01/0001 00:00:00,1,0.04,"No ",48,48,3.00,0.00
01/01/0001 00:00:00,01/01/0001 00:00:00,1,4.77,"No ",48,13,20.00,5.95
01/01/0001 00:00:00,01/01/0001 00:00:00,1,6.2,"No ",239,13,21.00,6.20
01/01/0001 00:00:00,01/01/0001 00:00:00,1,0.75,"No ",239,238,4.50,1.66
01/01/0001 00:00:00,01/01/0001 00:00:00,1,2.1,"No ",239,141,10.50,3.55
01/01/0001 00:00:00,01/01/0001 00:00:00,1,3.25,"No ",151,237,12.50,0.00
01/01/0001 00:00:00,01/01/0001 00:00:00,1,2.83,"No ",151,262,11.50,3.06
01/01/0001 00:00:00,01/01/0001 00:00:00,1,6.79,"No ",151,127,21.00,0.00
01/01/0001 00:00:00,01/01/0001 00:00:00,1,1.18,"No ",231,13,5.50,1.86
01/01/0001 00:00:00,01/01/0001 00:00:00,1,1.28,"No ",231,211,7.00,0.00
01/01/0001 00:00:00,01/01/0001 00:00:00,1,2.3,"No ",68,170,11.50,1.00
01/01/0001 00:00:00,01/01/0001 00:00:00,1,5.93,"No ",68,152,20.50,0.00
01/01/0001 00:00:00,01/01/0001 00:00:00,1,1.8,"No ",161,186,14.00,4.45
01/01/0001 00:00:00,01/01/0001 00:00:00,1,4.66,"No ",161,223,17.00,5.20
01/01/0001 00:00:00,01/01/0001 00:00:00,1,2.03,"No ",231,33,9.00,0.00
01/01/0001 00:00:00,01/01/0001 00:00:00,1,4.9,"No ",231,229,20.50,0.00
01/01/0001 00:00:00,01/01/0001 00:00:00,1,0.46,"No ",107,107,4.50,0.83
01/01/0001 00:00:00,01/01/0001 00:00:00,1,1.6,"No ",107,158,9.50,2.66
01/01/0001 00:00:00,01/01/0001 00:00:00,1,1.1,"No ",246,50,10.00,2.75
01/01/0001 00:00:00,01/01/0001 00:00:00,1,2.08,"No ",246,125,12.00,3.16
01/01/0001 00:00:00,01/01/0001 00:00:00,1,5.33,"No ",239,113,19.00,3.00
01/01/0001 00:00:00,01/01/0001 00:00:00,1,2.34,"No ",239,229,11.00,2.96
01/01/0001 00:00:00,01/01/0001 00:00:00,2,3.53,"No ",162,211,14.00,0.00
01/01/0001 00:00:00,01/01/0001 00:00:00,2,2.12,"No ",162,48,14.00,5.34
01/01/0001 00:00:00,01/01/0001 00:00:00,1,2.1,"No ",170,48,20.00,2.00
01/01/0001 00:00:00,01/01/0001 00:00:00,1,1.17,"No ",170,113,7.50,2.26
01/01/0001 00:00:00,01/01/0001 00:00:00,1,3.83,"No ",163,24,15.50,2.00
01/01/0001 00:00:00,01/01/0001 00:00:00,1,3.5,"No ",163,144,16.00,3.95
01/01/0001 00:00:00,01/01/0001 00:00:00,1,0.3,"No ",161,161,7.50,0.00
01/01/0001 00:00:00,01/01/0001 00:00:00,1,1.02,"No ",161,170,8.00,1.18
01/01/0001 00:00:00,01/01/0001 00:00:00,2,0.42,"No ",249,234,4.00,0.00
01/01/0001 00:00:00,01/01/0001 00:00:00,2,0.66,"No ",249,68,8.00,0.00
01/01/0001 00:00:00,01/01/0001 00:00:00,1,1.52,"No ",237,137,9.50,0.00
01/01/0001 00:00:00,01/01/0001 00:00:00,1,2.66,"No ",237,238,10.00,0.00
01/01/0001 00:00:00,01/01/0001 00:00:00,1,9.31,"No ",48,61,32.50,7.26
01/01/0001 00:00:00,01/01/0001 00:00:00,1,4.44,"No ",48,41,17.50,4.26
01/01/0001 00:00:00,01/01/0001 00:00:00,2,1.9,"No ",238,142,10.00,2.75
01/01/0001 00:00:00,01/01/0001 00:00:00,2,1.5,"No ",238,143,7.50,1.50
01/01/0001 00:00:00,01/01/0001 00:00:00,1,0.83,"No ",234,170,8.00,1.00
01/01/0001 00:00:00,01/01/0001 00:00:00,1,0.51,"No ",234,234,5.00,1.76
01/01/0001 00:00:00,01/01/0001 00:00:00,1,2.9,Yes,79,33,12.00,3.15
01/01/0001 00:00:00,01/01/0001 00:00:00,1,3.46,"No ",79,87,14.00,1.00
01/01/0001 00:00:00,01/01/0001 00:00:00,1,1.89,"No ",239,141,9.50,2.66
01/01/0001 00:00:00,01/01/0001 00:00:00,1,0.88,"No ",239,151,4.50,0.00
01/01/0001 00:00:00,01/01/0001 00:00:00,1,1.71,"No ",148,107,8.00,0.00
01/01/0001 00:00:00,01/01/0001 00:00:00,1,2.4,"No ",148,68,11.00,0.00
01/01/0001 00:00:00,01/01/0001 00:00:00,1,0.8,"No ",141,236,5.50,0.00
01/01/0001 00:00:00,01/01/0001 00:00:00,1,1.39,"No ",141,239,8.50,1.00
01/01/0001 00:00:00,01/01/0001 00:00:00,1,5,"No ",249,145,22.00,5.16
01/01/0001 00:00:00,01/01/0001 00:00:00,1,1.26,"No ",249,107,8.50,2.46
01/01/0001 00:00:00,01/01/0001 00:00:00,3,1.3,"No ",166,238,7.50,2.80
01/01/0001 00:00:00,01/01/0001 00:00:00,3,2.33,"No ",166,143,10.50,0.00
01/01/0001 00:00:00,01/01/0001 00:00:00,1,1,"No ",141,263,5.00,1.75
01/01/0001 00:00:00,01/01/0001 00:00:00,1,1.49,"No ",141,229,7.00,2.16
01/01/0001 00:00:00,01/01/0001 00:00:00,1,0.75,"No ",148,79,5.50,2.33
01/01/0001 00:00:00,01/01/0001 00:00:00,1,0.42,"No ",148,211,4.00,0.00
01/01/0001 00:00:00,01/01/0001 00:00:00,1,2.45,"No ",79,186,17.50,4.26
01/01/0001 00:00:00,01/01/0001 00:00:00,1,3.32,"No ",79,141,12.50,2.93
01/01/0001 00:00:00,01/01/0001 00:00:00,1,1.1,"No ",162,233,7.50,2.25
01/01/0001 00:00:00,01/01/0001 00:00:00,1,0.7,"No ",162,141,5.00,1.75
01/01/0001 00:00:00,01/01/0001 00:00:00,2,1.8,"No ",234,148,11.00,2.95
01/01/0001 00:00:00,01/01/0001 00:00:00,2,1.6,"No ",234,158,8.50,0.00
01/01/0001 00:00:00,01/01/0001 00:00:00,1,2.73,"No ",170,262,11.00,2.22
01/01/0001 00:00:00,01/01/0001 00:00:00,1,1.14,"No ",170,234,7.50,2.26
01/01/0001 00:00:00,01/01/0001 00:00:00,1,3.7,"No ",141,151,14.00,3.55
01/01/0001 00:00:00,01/01/0001 00:00:00,1,3.1,"No ",141,151,12.50,3.25
01/01/0001 00:00:00,01/01/0001 00:00:00,1,2.15,"No ",170,231,11.00,2.96
01/01/0001 00:00:00,01/01/0001 00:00:00,1,6.1,"No ",170,160,18.50,11.58
01/01/0001 00:00:00,01/01/0001 00:00:00,1,5.4,"No ",48,87,20.00,4.75
01/01/0001 00:00:00,01/01/0001 00:00:00,1,0.62,"No ",48,142,5.00,0.00
01/01/0001 00:00:00,01/01/0001 00:00:00,2,1.9,"No ",114,107,10.50,2.86
01/01/0001 00:00:00,01/01/0001 00:00:00,2,5.9,"No ",114,236,23.00,0.00
01/01/0001 00:00:00,01/01/0001 00:00:00,1,2.48,"No ",234,229,14.50,2.00
01/01/0001 00:00:00,01/01/0001 00:00:00,1,2.41,"No ",234,229,13.50,1.80
01/01/0001 00:00:00,01/01/0001 00:00:00,2,1.8,"No ",161,234,13.00,3.36
01/01/0001 00:00:00,01/01/0001 00:00:00,2,5.74,"No ",161,88,25.50,5.86
01/01/0001 00:00:00,01/01/0001 00:00:00,2,1.85,"No ",48,238,7.50,0.00
01/01/0001 00:00:00,01/01/0001 00:00:00,2,1.85,"No ",48,238,7.50,0.00
01/01/0001 00:00:00,01/01/0001 00:00:00,1,1.9,"No ",43,48,16.00,3.95
01/01/0001 00:00:00,01/01/0001 00:00:00,1,2.13,"No ",43,48,8.50,0.00
01/01/0001 00:00:00,01/01/0001 00:00:00,1,1.41,"No ",107,4,7.00,2.16
01/01/0001 00:00:00,01/01/0001 00:00:00,1,1.6,"No ",107,170,7.50,2.26
01/01/0001 00:00:00,01/01/0001 00:00:00,2,2.06,"No ",48,238,8.00,2.36
01/01/0001 00:00:00,01/01/0001 00:00:00,2,1.9,"No ",48,239,11.50,2.00
01/01/0001 00:00:00,01/01/0001 00:00:00,1,1.16,"No ",79,113,7.50,2.26
01/01/0001 00:00:00,01/01/0001 00:00:00,1,5.16,"No ",79,48,20.50,4.00
01/01/0001 00:00:00,01/01/0001 00:00:00,1,1.9,"No ",238,142,9.50,2.65
01/01/0001 00:00:00,01/01/0001 00:00:00,1,1.61,"No ",238,237,8.00,2.95
01/01/0001 00:00:00,01/01/0001 00:00:00,1,2.35,"No ",237,48,17.50,4.26
01/01/0001 00:00:00,01/01/0001 00:00:00,1,1.2,"No ",237,229,6.00,1.95
01/01/0001 00:00:00,01/01/0001 00:00:00,1,1.02,"No ",141,163,6.50,2.06
01/01/0001 00:00:00,01/01/0001 00:00:00,1,2.96,"No ",141,107,10.50,1.70
01/01/0001 00:00:00,01/01/0001 00:00:00,2,2.18,"No ",148,137,10.00,3.00
01/01/0001 00:00:00,01/01/0001 00:00:00,2,1.7,"No ",148,107,8.00,1.20
01/01/0001 00:00:00,01/01/0001 00:00:00,2,0.5,"No ",79,79,4.50,2.05
01/01/0001 00:00:00,01/01/0001 00:00:00,2,1.5,"No ",79,79,4.00,0.00
01/01/0001 00:00:00,01/01/0001 00:00:00,1,1.29,"No ",137,186,16.00,3.96
01/01/0001 00:00:00,01/01/0001 00:00:00,1,4.71,"No ",137,238,17.50,6.39
01/01/0001 00:00:00,01/01/0001 00:00:00,1,3,"No ",238,229,14.00,3.55
01/01/0001 00:00:00,01/01/0001 00:00:00,1,2.43,"No ",238,141,11.00,0.00
01/01/0001 00:00:00,01/01/0001 00:00:00,1,2.41,"No ",142,140,14.00,3.56
01/01/0001 00:00:00,01/01/0001 00:00:00,1,2.06,"No ",142,238,8.50,3.69
01/01/0001 00:00:00,01/01/0001 00:00:00,1,0.38,"No ",43,43,4.00,1.25
01/01/0001 00:00:00,01/01/0001 00:00:00,1,1.75,"No ",43,239,9.50,2.66
01/01/0001 00:00:00,01/01/0001 00:00:00,1,2.2,"No ",239,236,9.50,0.00
01/01/0001 00:00:00,01/01/0001 00:00:00,1,1.1,"No ",239,236,7.00,3.20
01/01/0001 00:00:00,01/01/0001 00:00:00,1,2.93,"No ",48,162,26.00,7.45
01/01/0001 00:00:00,01/01/0001 00:00:00,1,2.62,"No ",48,43,12.00,0.00
01/01/0001 00:00:00,01/01/0001 00:00:00,1,1.8,"No ",249,231,9.50,2.66
01/01/0001 00:00:00,01/01/0001 00:00:00,1,1.88,"No ",249,170,10.50,3.58
01/01/0001 00:00:00,01/01/0001 00:00:00,1,0.43,"No ",170,170,4.00,1.56
01/01/0001 00:00:00,01/01/0001 00:00:00,1,0.8,"No ",170,164,6.50,3.05
01/01/0001 00:00:00,01/01/0001 00:00:00,1,1.73,"No ",79,233,8.00,2.00
01/01/0001 00:00:00,01/01/0001 00:00:00,1,1.8,"No ",79,233,8.50,2.46
01/01/0001 00:00:00,01/01/0001 00:00:00,2,1.06,"No ",79,234,7.00,2.16
01/01/0001 00:00:00,01/01/0001 00:00:00,2,1,"No ",79,234,6.50,2.05
01/01/0001 00:00:00,01/01/0001 00:00:00,1,0.72,"No ",249,234,5.00,1.32
01/01/0001 00:00:00,01/01/0001 00:00:00,1,3.4,"No ",249,233,16.00,4.95
01/01/0001 00:00:00,01/01/0001 00:00:00,1,4.02,"No ",41,244,14.50,0.00
01/01/0001 00:00:00,01/01/0001 00:00:00,1,1.4,"No ",41,166,7.00,0.00
01/01/0001 00:00:00,01/01/0001 00:00:00,1,2.97,"No ",249,50,14.50,3.66
01/01/0001 00:00:00,01/01/0001 00:00:00,1,1.13,"No ",249,79,7.00,2.16
01/01/0001 00:00:00,01/01/0001 00:00:00,1,3.93,"No ",238,244,13.00,3.36
01/01/0001 00:00:00,01/01/0001 00:00:00,1,2.02,"No ",238,142,9.00,2.56
01/01/0001 00:00:00,01/01/0001 00:00:00,1,2.65,"No ",238,140,12.00,3.95
01/01/0001 00:00:00,01/01/0001 00:00:00,1,0.62,"No ",68,50,8.00,0.00
01/01/0001 00:00:00,01/01/0001 00:00:00,1,1.3,"No ",68,48,11.00,2.95
01/01/0001 00:00:00,01/01/0001 00:00:00,1,2.1,"No ",79,170,11.00,2.95
01/01/0001 00:00:00,01/01/0001 00:00:00,1,1.2,"No ",79,137,5.50,1.86
01/01/0001 00:00:00,01/01/0001 00:00:00,1,0.93,"No ",234,79,6.00,2.94
01/01/0001 00:00:00,01/01/0001 00:00:00,1,1.96,"No ",234,186,15.50,3.86
01/01/0001 00:00:00,01/01/0001 00:00:00,1,2.12,"No ",249,246,9.50,2.66
01/01/0001 00:00:00,01/01/0001 00:00:00,1,3.34,"No ",249,229,19.00,1.00
01/01/0001 00:00:00,01/01/0001 00:00:00,1,1.22,"No ",43,236,7.00,1.08
01/01/0001 00:00:00,01/01/0001 00:00:00,1,3.71,"No ",43,148,17.50,4.26
01/01/0001 00:00:00,01/01/0001 00:00:00,1,1.17,"No ",90,114,7.00,2.16
01/01/0001 00:00:00,01/01/0001 00:00:00,1,3.66,"No ",90,140,18.00,0.00
01/01/0001 00:00:00,01/01/0001 00:00:00,1,0.55,"No ",161,162,4.50,0.00
01/01/0001 00:00:00,01/01/0001 00:00:00,1,1.88,"No ",161,48,12.50,3.26
01/01/0001 00:00:00,01/01/0001 00:00:00,1,1.6,"No ",239,236,7.50,0.00
01/01/0001 00:00:00,01/01/0001 00:00:00,1,1.82,"No ",239,263,10.00,0.00
01/01/0001 00:00:00,01/01/0001 00:00:00,1,8.65,"No ",161,97,35.00,7.76
01/01/0001 00:00:00,01/01/0001 00:00:00,1,1.96,"No ",161,140,11.00,2.96
01/01/0001 00:00:00,01/01/0001 00:00:00,1,2.5,"No ",237,75,9.00,0.00
01/01/0001 00:00:00,01/01/0001 00:00:00,1,1.2,"No ",237,236,6.00,0.00
01/01/0001 00:00:00,01/01/0001 00:00:00,1,0.78,"No ",161,164,11.00,0.00
01/01/0001 00:00:00,01/01/0001 00:00:00,1,2.17,"No ",161,107,11.50,0.00
01/01/0001 00:00:00,01/01/0001 00:00:00,1,1.84,"No ",238,48,9.50,0.00
01/01/0001 00:00:00,01/01/0001 00:00:00,1,3.07,"No ",238,116,13.50,0.00
01/01/0001 00:00:00,01/01/0001 00:00:00,4,2.1,"No ",48,238,9.00,0.00
01/01/0001 00:00:00,01/01/0001 00:00:00,4,0.43,"No ",48,48,7.00,0.00
01/01/0001 00:00:00,01/01/0001 00:00:00,1,3.17,"No ",234,232,13.00,3.36
01/01/0001 00:00:00,01/01/0001 00:00:00,1,0.7,"No ",234,113,5.50,2.75
01/01/0001 00:00:00,01/01/0001 00:00:00,2,2.59,"No ",162,114,12.00,3.16
01/01/0001 00:00:00,01/01/0001 00:00:00,2,1.6,"No ",162,100,12.00,3.16
01/01/0001 00:00:00,01/01/0001 00:00:00,2,1.1,"No ",263,140,7.00,2.16
01/01/0001 00:00:00,01/01/0001 00:00:00,2,2.8,"No ",263,107,11.00,2.96
01/01/0001 00:00:00,01/01/0001 00:00:00,1,5.7,"No ",238,107,22.50,0.00
01/01/0001 00:00:00,01/01/0001 00:00:00,1,1.15,"No ",238,43,6.50,1.00
01/01/0001 00:00:00,01/01/0001 00:00:00,1,0.5,"No ",170,137,4.50,1.00
01/01/0001 00:00:00,01/01/0001 00:00:00,1,1.52,"No ",170,162,8.00,0.00
01/01/0001 00:00:00,01/01/0001 00:00:00,2,1.85,"No ",48,107,15.50,3.86
01/01/0001 00:00:00,01/01/0001 00:00:00,2,2.45,"No ",48,100,23.50,0.00
01/01/0001 00:00:00,01/01/0001 00:00:00,1,0.7,"No ",231,125,5.50,0.00
01/01/0001 00:00:00,01/01/0001 00:00:00,1,2.77,"No ",231,186,10.50,0.00
01/01/0001 00:00:00,01/01/0001 00:00:00,1,1.96,"No ",68,48,12.00,3.16
01/01/0001 00:00:00,01/01/0001 00:00:00,1,0.46,"No ",68,68,5.00,1.76
01/01/0001 00:00:00,01/01/0001 00:00:00,1,4.81,"No ",140,223,18.00,4.36
01/01/0001 00:00:00,01/01/0001 00:00:00,1,3.7,"No ",140,234,14.50,1.00
01/01/0001 00:00:00,01/01/0001 00:00:00,2,0.98,"No ",170,107,6.50,2.06
01/01/0001 00:00:00,01/01/0001 00:00:00,2,1.5,"No ",170,79,9.00,2.56
01/01/0001 00:00:00,01/01/0001 00:00:00,1,3.9,"No ",74,143,14.00,3.56
01/01/0001 00:00:00,01/01/0001 00:00:00,1,3.8,"No ",74,119,14.00,1.70
01/01/0001 00:00:00,01/01/0001 00:00:00,2,2,"No ",161,68,19.00,0.00
01/01/0001 00:00:00,01/01/0001 00:00:00,2,8,"No ",161,25,32.50,2.00
01/01/0001 00:00:00,01/01/0001 00:00:00,1,2.5,"No ",164,144,12.50,2.00
01/01/0001 00:00:00,01/01/0001 00:00:00,1,1.61,"No ",164,79,8.50,2.46
01/01/0001 00:00:00,01/01/0001 00:00:00,2,1.33,"No ",79,107,7.50,2.00
01/01/0001 00:00:00,01/01/0001 00:00:00,2,1.3,"No ",79,233,6.50,2.00
01/01/0001 00:00:00,01/01/0001 00:00:00,1,2.21,"No ",237,239,9.50,2.66
01/01/0001 00:00:00,01/01/0001 00:00:00,1,0.83,"No ",237,237,5.50,2.32
01/01/0001 00:00:00,01/01/0001 00:00:00,1,1.4,"No ",237,164,10.50,2.85
01/01/0001 00:00:00,01/01/0001 00:00:00,1,2.26,"No ",237,75,9.50,0.00
01/01/0001 00:00:00,01/01/0001 00:00:00,2,4.11,"No ",107,239,17.50,5.32
01/01/0001 00:00:00,01/01/0001 00:00:00,2,3.31,"No ",107,33,14.00,5.34
01/01/0001 00:00:00,01/01/0001 00:00:00,1,1,"No ",79,114,6.00,2.45
01/01/0001 00:00:00,01/01/0001 00:00:00,1,0.54,"No ",79,107,4.00,1.56
01/01/0001 00:00:00,01/01/0001 00:00:00,1,0.9,"No ",229,170,6.00,1.95
01/01/0001 00:00:00,01/01/0001 00:00:00,1,6.59,"No ",229,173,22.50,0.00
01/01/0001 00:00:00,01/01/0001 00:00:00,1,2.18,"No ",237,137,14.50,3.66
01/01/0001 00:00:00,01/01/0001 00:00:00,1,0.8,"No ",237,161,6.00,0.00
01/01/0001 00:00:00,01/01/0001 00:00:00,1,0.8,"No ",79,4,5.50,1.00
01/01/0001 00:00:00,01/01/0001 00:00:00,1,0.72,"No ",79,224,4.50,0.00
01/01/0001 00:00:00,01/01/0001 00:00:00,1,1.82,"No ",161,246,22.00,0.00
01/01/0001 00:00:00,01/01/0001 00:00:00,1,1.14,"No ",161,170,9.00,0.00
01/01/0001 00:00:00,01/01/0001 00:00:00,1,3.26,"No ",79,141,12.00,3.16
01/01/0001 00:00:00,01/01/0001 00:00:00,1,0.27,"No ",79,79,3.00,1.36
01/01/0001 00:00:00,01/01/0001 00:00:00,1,2,"No ",239,166,7.50,2.26
01/01/0001 00:00:00,01/01/0001 00:00:00,1,9.88,"No ",239,33,33.50,7.46
01/01/0001 00:00:00,01/01/0001 00:00:00,1,6.6,"No ",234,17,25.00,5.76
01/01/0001 00:00:00,01/01/0001 00:00:00,1,1.1,"No ",234,4,6.50,2.05
01/01/0001 00:00:00,01/01/0001 00:00:00,1,3.28,"No ",170,48,17.50,4.26
01/01/0001 00:00:00,01/01/0001 00:00:00,1,3.1,"No ",170,236,13.50,3.45
01/01/0001 00:00:00,01/01/0001 00:00:00,1,4.3,"No ",87,68,18.50,0.00
01/01/0001 00:00:00,01/01/0001 00:00:00,1,6.15,"No ",87,162,19.50,4.66
01/01/0001 00:00:00,01/01/0001 00:00:00,1,7.06,"No ",79,24,25.50,7.33
01/01/0001 00:00:00,01/01/0001 00:00:00,1,7.28,"No ",79,129,23.00,0.00
01/01/0001 00:00:00,01/01/0001 00:00:00,2,1.09,"No ",249,79,7.00,2.16
01/01/0001 00:00:00,01/01/0001 00:00:00,2,0.28,"No ",249,249,4.50,0.00
01/01/0001 00:00:00,01/01/0001 00:00:00,1,1.49,"No ",170,68,9.50,2.66
01/01/0001 00:00:00,01/01/0001 00:00:00,1,2.53,"No ",170,144,13.00,3.36
01/01/0001 00:00:00,01/01/0001 00:00:00,3,3.23,"No ",249,48,18.50,6.69
01/01/0001 00:00:00,01/01/0001 00:00:00,3,0.7,"No ",249,90,5.50,1.85
01/01/0001 00:00:00,01/01/0001 00:00:00,1,2.48,"No ",238,48,12.00,2.37
01/01/0001 00:00:00,01/01/0001 00:00:00,1,0.82,"No ",238,151,5.00,0.00
01/01/0001 00:00:00,01/01/0001 00:00:00,2,3.2,"No ",137,236,14.50,0.00
01/01/0001 00:00:00,01/01/0001 00:00:00,2,2.4,"No ",137,140,10.50,2.85
01/01/0001 00:00:00,01/01/0001 00:00:00,1,4.3,"No ",158,239,21.00,7.44
01/01/0001 00:00:00,01/01/0001 00:00:00,1,2.26,"No ",158,170,11.00,2.96
01/01/0001 00:00:00,01/01/0001 00:00:00,1,1.57,"No ",161,141,7.50,2.26
01/01/0001 00:00:00,01/01/0001 00:00:00,1,4.86,"No ",161,260,25.50,0.00
01/01/0001 00:00:00,01/01/0001 00:00:00,1,3.28,"No ",90,13,13.00,1.10
01/01/0001 00:00:00,01/01/0001 00:00:00,1,11.03,"No ",90,95,37.50,0.00
01/01/0001 00:00:00,01/01/0001 00:00:00,1,1.5,"No ",163,164,11.50,0.00
01/01/0001 00:00:00,01/01/0001 00:00:00,1,4.36,"No ",163,125,22.00,0.00
01/01/0001 00:00:00,01/01/0001 00:00:00,1,3.4,"No ",263,107,13.50,0.00
01/01/0001 00:00:00,01/01/0001 00:00:00,1,0.79,"No ",263,263,4.50,1.66
01/01/0001 00:00:00,01/01/0001 00:00:00,1,4.01,"No ",239,68,15.50,0.00
01/01/0001 00:00:00,01/01/0001 00:00:00,1,0.78,"No ",239,239,5.50,2.00
01/01/0001 00:00:00,01/01/0001 00:00:00,2,0.63,"No ",141,141,4.00,1.56
01/01/0001 00:00:00,01/01/0001 00:00:00,2,2.9,"No ",141,226,10.50,0.00
01/01/0001 00:00:00,01/01/0001 00:00:00,1,3.26,"No ",50,186,17.50,0.00
01/01/0001 00:00:00,01/01/0001 00:00:00,1,4.6,"No ",50,262,23.00,3.00
01/01/0001 00:00:00,01/01/0001 00:00:00,1,4.21,"No ",107,255,19.50,0.00
01/01/0001 00:00:00,01/01/0001 00:00:00,1,1.55,"No ",107,211,9.50,3.00
01/01/0001 00:00:00,01/01/0001 00:00:00,2,1.6,"No ",107,233,7.00,2.00
01/01/0001 00:00:00,01/01/0001 00:00:00,2,1.54,"No ",107,229,6.50,0.00
01/01/0001 00:00:00,01/01/0001 00:00:00,1,1.5,"No ",79,90,10.00,3.45
01/01/0001 00:00:00,01/01/0001 00:00:00,1,0.26,"No ",79,107,3.00,0.00
01/01/0001 00:00:00,01/01/0001 00:00:00,4,3.2,"No ",237,41,16.50,5.08
01/01/0001 00:00:00,01/01/0001 00:00:00,4,1.8,"No ",237,48,12.50,0.00
01/01/0001 00:00:00,01/01/0001 00:00:00,2,0.48,"No ",263,263,4.50,1.00
01/01/0001 00:00:00,01/01/0001 00:00:00,2,0.9,"No ",263,141,5.00,1.14
01/01/0001 00:00:00,01/01/0001 00:00:00,1,2.9,"No ",170,143,17.00,2.00
01/01/0001 00:00:00,01/01/0001 00:00:00,1,2.43,"No ",170,140,9.50,0.00
01/01/0001 00:00:00,01/01/0001 00:00:00,1,2.25,"No ",90,48,18.00,0.00
01/01/0001 00:00:00,01/01/0001 00:00:00,1,3.79,"No ",90,141,16.50,0.00
01/01/0001 00:00:00,01/01/0001 00:00:00,1,6.61,"No ",87,112,24.00,6.95
01/01/0001 00:00:00,01/01/0001 00:00:00,1,2.28,"No ",87,113,9.50,2.66
01/01/0001 00:00:00,01/01/0001 00:00:00,1,0.8,"No ",142,239,5.50,1.40
01/01/0001 00:00:00,01/01/0001 00:00:00,1,0.75,"No ",142,239,4.50,0.00
01/01/0001 00:00:00,01/01/0001 00:00:00,1,0.66,"No ",79,148,5.50,2.32
01/01/0001 00:00:00,01/01/0001 00:00:00,1,3.13,"No ",79,256,15.00,0.00
01/01/0001 00:00:00,01/01/0001 00:00:00,1,3.96,"No ",79,141,15.50,0.00
01/01/0001 00:00:00,01/01/0001 00:00:00,1,1.1,"No ",79,4,6.50,2.05
01/01/0001 00:00:00,01/01/0001 00:00:00,1,0.9,"No ",79,107,6.50,0.00
01/01/0001 00:00:00,01/01/0001 00:00:00,1,2.7,"No ",79,161,11.00,2.95
01/01/0001 00:00:00,01/01/0001 00:00:00,1,6.99,"No ",43,129,25.50,0.00
01/01/0001 00:00:00,01/01/0001 00:00:00,1,1.18,"No ",43,263,6.50,1.00
01/01/0001 00:00:00,01/01/0001 00:00:00,1,2.86,"No ",148,68,15.50,1.00
01/01/0001 00:00:00,01/01/0001 00:00:00,1,7.8,"No ",148,223,25.50,4.00
01/01/0001 00:00:00,01/01/0001 00:00:00,1,2,"No ",239,48,20.50,4.85
01/01/0001 00:00:00,01/01/0001 00:00:00,1,5.28,"No ",239,79,25.00,2.00
01/01/0001 00:00:00,01/01/0001 00:00:00,1,0.96,"No ",162,170,6.00,1.96
01/01/0001 00:00:00,01/01/0001 00:00:00,1,2.5,Yes,162,230,19.00,0.00
01/01/0001 00:00:00,01/01/0001 00:00:00,2,2,"No ",141,48,10.50,0.00
01/01/0001 00:00:00,01/01/0001 00:00:00,2,0.81,"No ",141,263,4.50,2.08
01/01/0001 00:00:00,01/01/0001 00:00:00,1,0.51,"No ",137,107,4.00,1.56
01/01/0001 00:00:00,01/01/0001 00:00:00,1,2.04,"No ",137,211,9.00,3.84
01/01/0001 00:00:00,01/01/0001 00:00:00,1,0.78,"No ",161,229,6.00,2.94
01/01/0001 00:00:00,01/01/0001 00:00:00,1,4.94,"No ",161,42,19.50,0.00
01/01/0001 00:00:00,01/01/0001 00:00:00,1,12.52,"No ",161,130,37.00,0.00
01/01/0001 00:00:00,01/01/0001 00:00:00,1,4.45,"No ",68,141,20.50,4.86
01/01/0001 00:00:00,01/01/0001 00:00:00,1,3.84,"No ",68,148,17.50,3.70
01/01/0001 00:00:00,01/01/0001 00:00:00,1,1.66,"No ",234,246,9.50,0.00
01/01/0001 00:00:00,01/01/0001 00:00:00,1,1.2,"No ",234,79,6.50,2.05
01/01/0001 00:00:00,01/01/0001 00:00:00,1,0.1,"No ",50,50,5.00,0.00
01/01/0001 00:00:00,01/01/0001 00:00:00,1,0.31,"No ",50,48,10.50,0.00
01/01/0001 00:00:00,01/01/0001 00:00:00,1,0.71,"No ",164,170,5.50,0.00
01/01/0001 00:00:00,01/01/0001 00:00:00,1,3.5,"No ",164,239,16.00,0.00
01/01/0001 00:00:00,01/01/0001 00:00:00,2,2.39,"No ",234,246,16.00,2.00
01/01/0001 00:00:00,01/01/0001 00:00:00,2,3.6,"No ",234,107,17.00,0.00
01/01/0001 00:00:00,01/01/0001 00:00:00,1,1.06,"No ",107,79,6.50,2.06
01/01/0001 00:00:00,01/01/0001 00:00:00,1,1.04,"No ",107,249,6.00,1.75
01/01/0001 00:00:00,01/01/0001 00:00:00,1,2.68,"No ",238,141,12.50,0.00
01/01/0001 00:00:00,01/01/0001 00:00:00,1,0.8,"No ",238,239,5.00,1.75
01/01/0001 00:00:00,01/01/0001 00:00:00,1,5.31,"No ",237,80,19.00,4.56
01/01/0001 00:00:00,01/01/0001 00:00:00,1,4.74,"No ",237,255,19.00,6.84
01/01/0001 00:00:00,01/01/0001 00:00:00,1,4.74,"No ",79,112,20.00,4.76
01/01/0001 00:00:00,01/01/0001 00:00:00,1,2.9,"No ",79,68,15.50,2.00
01/01/0001 00:00:00,01/01/0001 00:00:00,1,1.33,"No ",137,224,7.50,2.00
01/01/0001 00:00:00,01/01/0001 00:00:00,1,1.07,"No ",137,79,5.50,1.86
01/01/0001 00:00:00,01/01/0001 00:00:00,2,2.68,"No ",142,263,12.00,3.16
01/01/0001 00:00:00,01/01/0001 00:00:00,2,2.81,"No ",142,140,14.00,2.67
01/01/0001 00:00:00,01/01/0001 00:00:00,1,3.82,"No ",161,229,17.50,3.00
01/01/0001 00:00:00,01/01/0001 00:00:00,1,1.35,"No ",161,164,8.50,2.00
01/01/0001 00:00:00,01/01/0001 00:00:00,1,0.81,"No ",140,140,5.50,2.32
01/01/0001 00:00:00,01/01/0001 00:00:00,1,1.65,"No ",140,263,7.00,2.50
01/01/0001 00:00:00,01/01/0001 00:00:00,2,4.89,"No ",68,236,23.50,6.82
01/01/0001 00:00:00,01/01/0001 00:00:00,2,2.2,"No ",68,162,13.50,0.00
01/01/0001 00:00:00,01/01/0001 00:00:00,2,0.53,"No ",107,137,4.00,1.56
01/01/0001 00:00:00,01/01/0001 00:00:00,2,5.46,"No ",107,239,21.00,4.96
01/01/0001 00:00:00,01/01/0001 00:00:00,1,0.57,"No ",234,137,5.50,1.86
01/01/0001 00:00:00,01/01/0001 00:00:00,1,13.6,"No ",234,221,40.50,0.00
01/01/0001 00:00:00,01/01/0001 00:00:00,2,1.26,"No ",142,238,6.00,1.96
01/01/0001 00:00:00,01/01/0001 00:00:00,2,4,"No ",142,224,21.00,0.00
01/01/0001 00:00:00,01/01/0001 00:00:00,2,2.9,"No ",234,13,13.50,0.00
01/01/0001 00:00:00,01/01/0001 00:00:00,2,2.86,"No ",234,142,15.50,3.86
01/01/0001 00:00:00,01/01/0001 00:00:00,1,0.65,"No ",229,162,5.00,0.00
01/01/0001 00:00:00,01/01/0001 00:00:00,1,9.4,"No ",229,169,29.50,0.00
01/01/0001 00:00:00,01/01/0001 00:00:00,2,0.58,"No ",263,262,4.50,2.49
01/01/0001 00:00:00,01/01/0001 00:00:00,2,1.45,"No ",263,141,6.00,0.00
01/01/0001 00:00:00,01/01/0001 00:00:00,1,2,"No ",236,239,9.50,2.65
01/01/0001 00:00:00,01/01/0001 00:00:00,1,10.06,"No ",236,173,30.50,0.00
01/01/0001 00:00:00,01/01/0001 00:00:00,1,1.44,"No ",151,166,7.00,2.08
01/01/0001 00:00:00,01/01/0001 00:00:00,1,2.51,"No ",151,116,10.00,0.00
01/01/0001 00:00:00,01/01/0001 00:00:00,1,1.34,"No ",233,163,7.50,2.26
01/01/0001 00:00:00,01/01/0001 00:00:00,1,2.6,"No ",233,263,9.50,0.00
01/01/0001 00:00:00,01/01/0001 00:00:00,3,2.89,"No ",161,236,12.00,3.16
01/01/0001 00:00:00,01/01/0001 00:00:00,3,1.8,"No ",161,234,11.00,1.00
01/01/0001 00:00:00,01/01/0001 00:00:00,1,1.9,"No ",229,224,9.00,0.00
01/01/0001 00:00:00,01/01/0001 00:00:00,1,1.65,"No ",229,263,7.00,1.62
01/01/0001 00:00:00,01/01/0001 00:00:00,1,2.2,"No ",68,143,14.50,0.00
01/01/0001 00:00:00,01/01/0001 00:00:00,1,0.87,"No ",68,249,25.00,4.00
01/01/0001 00:00:00,01/01/0001 00:00:00,1,3.7,"No ",107,236,17.00,3.12
01/01/0001 00:00:00,01/01/0001 00:00:00,1,1.1,"No ",107,79,7.00,2.15
01/01/0001 00:00:00,01/01/0001 00:00:00,1,1.97,"No ",166,116,9.50,2.16
01/01/0001 00:00:00,01/01/0001 00:00:00,1,7.9,"No ",166,7,26.50,6.78
01/01/0001 00:00:00,01/01/0001 00:00:00,1,1.8,"No ",141,162,8.00,2.95
01/01/0001 00:00:00,01/01/0001 00:00:00,1,1.93,"No ",141,163,11.00,2.00
01/01/0001 00:00:00,01/01/0001 00:00:00,1,3.77,"No ",107,236,13.00,2.52
01/01/0001 00:00:00,01/01/0001 00:00:00,1,1.15,"No ",107,68,9.50,0.00
01/01/0001 00:00:00,01/01/0001 00:00:00,1,2.96,"No ",161,100,19.00,1.00
01/01/0001 00:00:00,01/01/0001 00:00:00,1,2.7,"No ",161,43,12.50,3.26
01/01/0001 00:00:00,01/01/0001 00:00:00,1,0.7,"No ",79,79,6.00,0.00
01/01/0001 00:00:00,01/01/0001 00:00:00,1,1.01,"No ",79,148,7.50,0.00
01/01/0001 00:00:00,01/01/0001 00:00:00,1,0.8,"No ",234,79,6.00,1.00
01/01/0001 00:00:00,01/01/0001 00:00:00,1,2.8,"No ",234,237,11.50,0.00
01/01/0001 00:00:00,01/01/0001 00:00:00,2,2.57,"No ",148,256,11.00,2.96
01/01/0001 00:00:00,01/01/0001 00:00:00,2,5.1,"No ",148,140,20.00,4.75
01/01/0001 00:00:00,01/01/0001 00:00:00,1,1.1,"No ",170,237,8.50,0.00
01/01/0001 00:00:00,01/01/0001 00:00:00,1,5.47,"No ",170,42,21.50,0.00
01/01/0001 00:00:00,01/01/0001 00:00:00,1,0.73,"No ",48,50,7.00,2.70
01/01/0001 00:00:00,01/01/0001 00:00:00,1,0.03,"No ",48,48,3.50,0.00
01/01/0001 00:00:00,01/01/0001 00:00:00,1,0.57,"No ",239,143,4.50,2.08
01/01/0001 00:00:00,01/01/0001 00:00:00,1,2.33,"No ",239,236,10.50,0.00
01/01/0001 00:00:00,01/01/0001 00:00:00,1,3.33,"No ",170,143,16.50,0.00
01/01/0001 00:00:00,01/01/0001 00:00:00,1,1.4,"No ",170,234,8.00,0.00
01/01/0001 00:00:00,01/01/0001 00:00:00,2,3,"No ",263,164,13.00,4.20
01/01/0001 00:00:00,01/01/0001 00:00:00,2,0.19,"No ",263,263,3.00,0.00
01/01/0001 00:00:00,01/01/0001 00:00:00,1,4.05,"No ",263,116,14.50,0.00
01/01/0001 00:00:00,01/01/0001 00:00:00,1,2.75,"No ",263,170,12.50,3.26
01/01/0001 00:00:00,01/01/0001 00:00:00,1,10.9,"No ",263,95,31.50,8.80
01/01/0001 00:00:00,01/01/0001 00:00:00,1,3.8,"No ",263,79,15.00,3.75
01/01/0001 00:00:00,01/01/0001 00:00:00,1,1.53,"No ",170,161,11.00,2.96
01/01/0001 00:00:00,01/01/0001 00:00:00,1,1.67,"No ",170,79,9.50,2.66
01/01/0001 00:00:00,01/01/0001 00:00:00,1,1.8,"No ",170,148,9.50,1.00
01/01/0001 00:00:00,01/01/0001 00:00:00,1,1.1,"No ",74,75,6.00,0.00
01/01/0001 00:00:00,01/01/0001 00:00:00,1,0.7,"No ",74,41,4.50,0.00
01/01/0001 00:00:00,01/01/0001 00:00:00,4,0.6,Yes,237,237,4.00,0.00
01/01/0001 00:00:00,01/01/0001 00:00:00,4,2.6,"No ",237,137,11.50,2.75
01/01/0001 00:00:00,01/01/0001 00:00:00,1,1.11,"No ",148,107,6.00,0.16
01/01/0001 00:00:00,01/01/0001 00:00:00,1,5.7,"No ",148,237,24.00,5.55
01/01/0001 00:00:00,01/01/0001 00:00:00,1,1.16,"No ",42,74,7.50,0.00
01/01/0001 00:00:00,01/01/0001 00:00:00,1,1.23,"No ",42,166,6.50,1.56
01/01/0001 00:00:00,01/01/0001 00:00:00,1,2.45,"No ",107,163,10.50,0.00
01/01/0001 00:00:00,01/01/0001 00:00:00,1,2.4,"No ",107,48,14.00,3.56
01/01/0001 00:00:00,01/01/0001 00:00:00,1,4.96,"No ",170,25,23.50,0.00
01/01/0001 00:00:00,01/01/0001 00:00:00,1,6.64,"No ",170,25,24.00,5.56
01/01/0001 00:00:00,01/01/0001 00:00:00,1,2.43,"No ",143,140,10.50,2.86
01/01/0001 00:00:00,01/01/0001 00:00:00,1,0.95,"No ",143,48,5.00,2.00
01/01/0001 00:00:00,01/01/0001 00:00:00,1,2.62,"No ",238,74,11.00,2.96
01/01/0001 00:00:00,01/01/0001 00:00:00,1,1.98,"No ",238,48,8.50,3.69
01/01/0001 00:00:00,01/01/0001 00:00:00,1,1.22,"No ",161,236,6.50,2.06
01/01/0001 00:00:00,01/01/0001 00:00:00,1,7,"No ",161,37,23.00,3.00
01/01/0001 00:00:00,01/01/0001 00:00:00,1,1,"No ",48,229,6.00,0.00
01/01/0001 00:00:00,01/01/0001 00:00:00,1,0.3,"No ",48,48,5.50,2.30
01/01/0001 00:00:00,01/01/0001 00:00:00,1,1.75,"No ",249,13,7.50,3.39
01/01/0001 00:00:00,01/01/0001 00:00:00,1,1.43,"No ",249,107,8.50,0.00
01/01/0001 00:00:00,01/01/0001 00:00:00,1,1.51,"No ",79,90,9.00,0.00
01/01/0001 00:00:00,01/01/0001 00:00:00,1,0.38,"No ",79,79,4.00,2.34
01/01/0001 00:00:00,01/01/0001 00:00:00,1,0.8,"No ",162,137,6.50,2.05
01/01/0001 00:00:00,01/01/0001 00:00:00,1,4.18,"No ",162,166,18.50,4.46
01/01/0001 00:00:00,01/01/0001 00:00:00,2,0.9,"No ",236,262,6.00,0.00
01/01/0001 00:00:00,01/01/0001 00:00:00,2,2.4,"No ",236,239,10.50,0.00
01/01/0001 00:00:00,01/01/0001 00:00:00,1,0.79,"No ",164,107,6.50,0.00
01/01/0001 00:00:00,01/01/0001 00:00:00,1,1.85,"No ",164,229,11.00,2.22
01/01/0001 00:00:00,01/01/0001 00:00:00,1,6.6,"No ",43,114,25.00,4.00
01/01/0001 00:00:00,01/01/0001 00:00:00,1,2.42,"No ",43,143,13.50,2.50
01/01/0001 00:00:00,01/01/0001 00:00:00,2,1.6,"No ",162,107,8.00,2.35
01/01/0001 00:00:00,01/01/0001 00:00:00,2,1.8,"No ",162,263,8.50,2.45
01/01/0001 00:00:00,01/01/0001 00:00:00,1,0.92,"No ",79,79,5.50,1.86
01/01/0001 00:00:00,01/01/0001 00:00:00,1,3.02,"No ",79,87,12.50,2.00
01/01/0001 00:00:00,01/01/0001 00:00:00,1,0.54,"No ",236,75,4.00,1.50
01/01/0001 00:00:00,01/01/0001 00:00:00,1,0.83,"No ",236,263,4.50,0.08
01/01/0001 00:00:00,01/01/0001 00:00:00,1,2.79,"No ",41,236,11.50,3.06
01/01/0001 00:00:00,01/01/0001 00:00:00,1,5.81,"No ",41,7,20.50,5.58
01/01/0001 00:00:00,01/01/0001 00:00:00,1,3.12,"No ",142,262,14.00,0.00
01/01/0001 00:00:00,01/01/0001 00:00:00,1,4.4,"No ",142,68,22.00,6.45
01/01/0001 00:00:00,01/01/0001 00:00:00,1,0.86,"No ",50,48,12.50,0.00
01/01/0001 00:00:00,01/01/0001 00:00:00,1,2.2,"No ",50,238,9.00,2.55
01/01/0001 00:00:00,01/01/0001 00:00:00,1,3.73,"No ",79,255,15.50,3.86
01/01/0001 00:00:00,01/01/0001 00:00:00,1,3.73,"No ",79,140,16.50,3.00
01/01/0001 00:00:00,01/01/0001 00:00:00,1,4.13,"No ",161,79,19.50,1.00
01/01/0001 00:00:00,01/01/0001 00:00:00,1,0.52,"No ",161,164,5.00,0.00
01/01/0001 00:00:00,01/01/0001 00:00:00,1,0.8,"No ",234,164,8.00,1.00
01/01/0001 00:00:00,01/01/0001 00:00:00,1,0.2,"No ",234,107,3.50,0.00
01/01/0001 00:00:00,01/01/0001 00:00:00,1,0.38,"No ",170,170,4.00,2.00
01/01/0001 00:00:00,01/01/0001 00:00:00,1,1,"No ",170,230,13.50,0.00
01/01/0001 00:00:00,01/01/0001 00:00:00,1,1.7,"No ",161,142,9.50,2.65
01/01/0001 00:00:00,01/01/0001 00:00:00,1,9.3,"No ",161,127,30.00,1.69
01/01/0001 00:00:00,01/01/0001 00:00:00,1,1.1,"No ",161,170,8.00,3.54
01/01/0001 00:00:00,01/01/0001 00:00:00,1,1.83,"No ",161,239,10.00,2.76
01/01/0001 00:00:00,01/01/0001 00:00:00,1,3.7,"No ",48,79,17.50,0.00
01/01/0001 00:00:00,01/01/0001 00:00:00,1,5.85,"No ",48,42,21.00,0.00
01/01/0001 00:00:00,01/01/0001 00:00:00,1,2.09,"No ",162,263,9.00,2.56
01/01/0001 00:00:00,01/01/0001 00:00:00,1,1.45,"No ",162,48,8.50,4.92
01/01/0001 00:00:00,01/01/0001 00:00:00,1,2.76,"No ",239,75,10.50,2.86
01/01/0001 00:00:00,01/01/0001 00:00:00,1,1.51,"No ",239,263,7.50,0.00
01/01/0001 00:00:00,01/01/0001 00:00:00,1,1.46,"No ",125,79,9.00,3.20
01/01/0001 00:00:00,01/01/0001 00:00:00,1,6.51,"No ",125,198,26.00,0.00
01/01/0001 00:00:00,01/01/0001 00:00:00,1,4,"No ",249,141,15.50,3.85
01/01/0001 00:00:00,01/01/0001 00:00:00,1,4.2,"No ",249,236,19.00,4.55
01/01/0001 00:00:00,01/01/0001 00:00:00,1,3.12,"No ",246,144,13.00,20.20
01/01/0001 00:00:00,01/01/0001 00:00:00,1,1.2,"No ",246,100,10.00,0.00
01/01/0001 00:00:00,01/01/0001 00:00:00,1,1.18,"No ",75,263,5.50,0.00
01/01/0001 00:00:00,01/01/0001 00:00:00,1,2.3,"No ",75,24,10.50,2.35
01/01/0001 00:00:00,01/01/0001 00:00:00,1,5.04,"No ",48,116,17.50,0.00
01/01/0001 00:00:00,01/01/0001 00:00:00,1,2.86,"No ",48,158,12.50,4.08
01/01/0001 00:00:00,01/01/0001 00:00:00,1,0.4,"No ",263,236,4.50,0.00
01/01/0001 00:00:00,01/01/0001 00:00:00,1,2.85,"No ",263,137,13.00,3.36
01/01/0001 00:00:00,01/01/0001 00:00:00,1,3.72,"No ",161,87,17.50,1.06
01/01/0001 00:00:00,01/01/0001 00:00:00,1,1.95,"No ",161,234,10.50,0.00
01/01/0001 00:00:00,01/01/0001 00:00:00,2,1.19,"No ",237,263,7.50,2.26
01/01/0001 00:00:00,01/01/0001 00:00:00,2,4.6,"No ",237,79,19.00,0.00
01/01/0001 00:00:00,01/01/0001 00:00:00,1,1.43,"No ",249,107,8.00,2.36
01/01/0001 00:00:00,01/01/0001 00:00:00,1,0.87,"No ",249,68,5.00,2.64
01/01/0001 00:00:00,01/01/0001 00:00:00,1,0.7,"No ",79,79,5.00,1.76
01/01/0001 00:00:00,01/01/0001 00:00:00,1,2.35,"No ",79,233,12.00,3.16
01/01/0001 00:00:00,01/01/0001 00:00:00,1,2.8,"No ",79,48,21.00,5.00
01/01/0001 00:00:00,01/01/0001 00:00:00,1,4.09,"No ",79,48,19.50,4.66
01/01/0001 00:00:00,01/01/0001 00:00:00,1,7.47,"No ",263,173,26.00,0.00
01/01/0001 00:00:00,01/01/0001 00:00:00,1,1.9,"No ",263,238,8.50,0.00
01/01/0001 00:00:00,01/01/0001 00:00:00,1,2.16,"No ",142,236,10.50,2.14
01/01/0001 00:00:00,01/01/0001 00:00:00,1,3.2,"No ",142,158,14.00,2.20
01/01/0001 00:00:00,01/01/0001 00:00:00,1,5.7,"No ",41,136,22.00,0.00
01/01/0001 00:00:00,01/01/0001 00:00:00,1,1.44,"No ",41,151,8.50,2.45
01/01/0001 00:00:00,01/01/0001 00:00:00,1,2.01,"No ",263,238,9.50,2.00
01/01/0001 00:00:00,01/01/0001 00:00:00,1,1.3,"No ",263,237,7.00,0.00
01/01/0001 00:00:00,01/01/0001 00:00:00,1,1.72,"No ",234,161,8.00,0.00
01/01/0001 00:00:00,01/01/0001 00:00:00,1,4.24,"No ",234,145,18.00,4.36
01/01/0001 00:00:00,01/01/0001 00:00:00,1,2.2,"No ",48,137,17.50,3.00
01/01/0001 00:00:00,01/01/0001 00:00:00,1,0.87,"No ",48,143,5.50,0.00
01/01/0001 00:00:00,01/01/0001 00:00:00,1,1.41,"No ",164,79,7.50,2.26
01/01/0001 00:00:00,01/01/0001 00:00:00,1,2.25,"No ",164,140,10.50,2.86
01/01/0001 00:00:00,01/01/0001 00:00:00,2,1.7,"No ",161,236,8.00,0.88
01/01/0001 00:00:00,01/01/0001 00:00:00,2,1.3,"No ",161,48,8.00,2.35
01/01/0001 00:00:00,01/01/0001 00:00:00,1,8.68,"No ",231,198,30.00,0.00
01/01/0001 00:00:00,01/01/0001 00:00:00,1,1.57,"No ",231,158,8.00,0.00
01/01/0001 00:00:00,01/01/0001 00:00:00,1,0.99,"No ",79,4,6.00,0.00
01/01/0001 00:00:00,01/01/0001 00:00:00,1,0.9,"No ",79,90,7.00,2.15
01/01/0001 00:00:00,01/01/0001 00:00:00,1,4.4,"No ",107,236,16.00,0.00
01/01/0001 00:00:00,01/01/0001 00:00:00,1,0.74,"No ",107,224,7.00,2.16
01/01/0001 00:00:00,01/01/0001 00:00:00,1,0.73,"No ",107,234,5.50,1.67
01/01/0001 00:00:00,01/01/0001 00:00:00,1,1.67,"No ",107,48,15.00,0.00
01/01/0001 00:00:00,01/01/0001 00:00:00,1,1.46,"No ",107,249,8.50,2.46
01/01/0001 00:00:00,01/01/0001 00:00:00,1,0.52,"No ",162,162,4.00,0.00
01/01/0001 00:00:00,01/01/0001 00:00:00,1,7.54,"No ",162,49,26.00,0.00
01/01/0001 00:00:00,01/01/0001 00:00:00,1,3.19,"No ",170,79,12.00,3.16
01/01/0001 00:00:00,01/01/0001 00:00:00,1,4.58,"No ",170,249,19.00,0.00
01/01/0001 00:00:00,01/01/0001 00:00:00,1,1.5,"No ",107,114,8.50,1.00
01/01/0001 00:00:00,01/01/0001 00:00:00,1,1,"No ",107,186,8.00,1.50
01/01/0001 00:00:00,01/01/0001 00:00:00,1,0.9,"No ",142,163,6.50,2.58
01/01/0001 00:00:00,01/01/0001 00:00:00,1,3.12,"No ",142,43,11.50,3.06
01/01/0001 00:00:00,01/01/0001 00:00:00,2,2.5,"No ",238,41,12.00,3.00
01/01/0001 00:00:00,01/01/0001 00:00:00,2,10.3,"No ",238,33,33.00,6.00
01/01/0001 00:00:00,01/01/0001 00:00:00,1,0.81,"No ",48,50,6.50,5.00
01/01/0001 00:00:00,01/01/0001 00:00:00,1,3.6,"No ",48,41,14.50,3.65
01/01/0001 00:00:00,01/01/0001 00:00:00,1,1.01,"No ",79,148,6.50,2.06
01/01/0001 00:00:00,01/01/0001 00:00:00,1,0.6,Yes,79,79,5.00,2.00
01/01/0001 00:00:00,01/01/0001 00:00:00,1,5.4,"No ",79,80,21.00,2.00
01/01/0001 00:00:00,01/01/0001 00:00:00,1,2.18,"No ",142,229,12.00,1.35
01/01/0001 00:00:00,01/01/0001 00:00:00,1,1.98,"No ",142,50,12.50,3.26
01/01/0001 00:00:00,01/01/0001 00:00:00,1,2.76,"No ",170,234,13.50,1.50
01/01/0001 00:00:00,01/01/0001 00:00:00,1,2.88,"No ",170,144,13.00,0.00
01/01/0001 00:00:00,01/01/0001 00:00:00,1,0.75,"No ",107,79,4.50,1.66
01/01/0001 00:00:00,01/01/0001 00:00:00,1,1.7,"No ",107,144,9.00,2.55
01/01/0001 00:00:00,01/01/0001 00:00:00,1,2.26,"No ",107,231,9.50,1.70
01/01/0001 00:00:00,01/01/0001 00:00:00,1,1.2,"No ",107,249,7.50,2.26
01/01/0001 00:00:00,01/01/0001 00:00:00,1,1.2,"No ",162,229,6.50,2.06
01/01/0001 00:00:00,01/01/0001 00:00:00,1,2.06,"No ",162,48,12.50,3.26
01/01/0001 00:00:00,01/01/0001 00:00:00,1,0.11,"No ",48,68,3.00,0.00
01/01/0001 00:00:00,01/01/0001 00:00:00,1,1.7,"No ",48,249,12.00,0.00
01/01/0001 00:00:00,01/01/0001 00:00:00,1,2.16,"No ",158,79,12.50,3.26
01/01/0001 00:00:00,01/01/0001 00:00:00,1,2.9,"No ",158,48,13.50,0.00
01/01/0001 00:00:00,01/01/0001 00:00:00,2,1.4,Yes,164,114,8.00,2.35
01/01/0001 00:00:00,01/01/0001 00:00:00,2,0.9,"No ",164,233,6.00,1.95
01/01/0001 00:00:00,01/01/0001 00:00:00,1,7.98,"No ",148,7,24.00,2.50
01/01/0001 00:00:00,01/01/0001 00:00:00,1,0.7,"No ",148,232,6.50,1.50
01/01/0001 00:00:00,01/01/0001 00:00:00,1,9.41,"No ",239,196,31.00,2.00
01/01/0001 00:00:00,01/01/0001 00:00:00,1,3.6,"No ",239,42,14.50,0.00
01/01/0001 00:00:00,01/01/0001 00:00:00,2,1.19,"No ",263,75,5.50,0.00
01/01/0001 00:00:00,01/01/0001 00:00:00,2,7.7,"No ",263,136,28.50,0.00
01/01/0001 00:00:00,01/01/0001 00:00:00,1,5.6,"No ",170,157,18.50,5.65
01/01/0001 00:00:00,01/01/0001 00:00:00,1,2.17,"No ",170,68,10.50,0.00
01/01/0001 00:00:00,01/01/0001 00:00:00,2,0.77,"No ",238,239,5.00,0.00
01/01/0001 00:00:00,01/01/0001 00:00:00,2,5.7,"No ",238,113,26.00,5.95
01/01/0001 00:00:00,01/01/0001 00:00:00,5,1.31,"No ",161,234,7.00,10.00
01/01/0001 00:00:00,01/01/0001 00:00:00,5,4.24,"No ",161,24,17.50,0.00
01/01/0001 00:00:00,01/01/0001 00:00:00,1,3.84,"No ",43,226,13.50,3.46
01/01/0001 00:00:00,01/01/0001 00:00:00,1,1.86,"No ",43,50,9.00,1.00
01/01/0001 00:00:00,01/01/0001 00:00:00,1,4.58,"No ",249,140,19.50,1.00
01/01/0001 00:00:00,01/01/0001 00:00:00,1,0.39,"No ",249,249,4.00,0.78
01/01/0001 00:00:00,01/01/0001 00:00:00,1,2,"No ",249,164,10.50,2.86
01/01/0001 00:00:00,01/01/0001 00:00:00,1,3.55,"No ",249,233,13.50,2.60
01/01/0001 00:00:00,01/01/0001 00:00:00,1,1.77,"No ",158,211,12.50,3.26
01/01/0001 00:00:00,01/01/0001 00:00:00,1,1.11,"No ",158,114,8.00,2.36
01/01/0001 00:00:00,01/01/0001 00:00:00,1,1.93,"No ",164,246,11.00,2.96
01/01/0001 00:00:00,01/01/0001 00:00:00,1,1.3,"No ",164,113,7.00,0.00
01/01/0001 00:00:00,01/01/0001 00:00:00,1,0.94,"No ",170,186,7.00,1.62
01/01/0001 00:00:00,01/01/0001 00:00:00,1,0.8,"No ",170,164,5.50,1.86
01/01/0001 00:00:00,01/01/0001 00:00:00,2,2.51,"No ",140,238,11.00,2.96
01/01/0001 00:00:00,01/01/0001 00:00:00,2,0.73,"No ",140,263,4.50,0.00
01/01/0001 00:00:00,01/01/0001 00:00:00,2,0.6,"No ",234,107,5.00,0.00
01/01/0001 00:00:00,01/01/0001 00:00:00,2,3.7,"No ",234,143,21.50,7.59
01/01/0001 00:00:00,01/01/0001 00:00:00,2,3.06,"No ",237,166,12.00,0.00
01/01/0001 00:00:00,01/01/0001 00:00:00,2,0.47,"No ",237,237,4.50,2.08
01/01/0001 00:00:00,01/01/0001 00:00:00,1,2.49,"No ",79,68,14.00,0.00
01/01/0001 00:00:00,01/01/0001 00:00:00,1,1.9,"No ",79,87,10.50,2.85
01/01/0001 00:00:00,01/01/0001 00:00:00,1,2.23,"No ",107,125,11.50,4.59
01/01/0001 00:00:00,01/01/0001 00:00:00,1,0.93,"No ",107,148,6.00,1.96
01/01/0001 00:00:00,01/01/0001 00:00:00,1,7.65,"No ",137,7,23.50,6.68
01/01/0001 00:00:00,01/01/0001 00:00:00,1,5.74,"No ",137,33,18.00,4.36
01/01/0001 00:00:00,01/01/0001 00:00:00,2,2.56,"No ",238,140,11.00,0.00
01/01/0001 00:00:00,01/01/0001 00:00:00,2,1.5,"No ",238,236,8.00,2.35
01/01/0001 00:00:00,01/01/0001 00:00:00,1,0.92,"No ",79,114,6.00,1.96
01/01/0001 00:00:00,01/01/0001 00:00:00,1,1.71,"No ",79,164,10.00,0.00
01/01/0001 00:00:00,01/01/0001 00:00:00,1,2.03,"No ",48,162,13.50,3.46
01/01/0001 00:00:00,01/01/0001 00:00:00,1,4.82,"No ",48,236,28.50,6.46
01/01/0001 00:00:00,01/01/0001 00:00:00,1,1.02,"No ",231,125,6.00,1.96
01/01/0001 00:00:00,01/01/0001 00:00:00,1,3.8,"No ",231,100,22.00,5.15
01/01/0001 00:00:00,01/01/0001 00:00:00,2,0.84,"No ",141,236,5.00,0.00
01/01/0001 00:00:00,01/01/0001 00:00:00,2,1.19,"No ",141,263,5.50,2.32
01/01/0001 00:00:00,01/01/0001 00:00:00,1,4.6,"No ",170,74,15.50,3.85
01/01/0001 00:00:00,01/01/0001 00:00:00,1,1.4,"No ",170,79,8.00,2.36
01/01/0001 00:00:00,01/01/0001 00:00:00,2,4.94,"No ",137,262,18.00,4.36
01/01/0001 00:00:00,01/01/0001 00:00:00,2,1.5,"No ",137,229,7.00,2.15
01/01/0001 00:00:00,01/01/0001 00:00:00,1,4,"No ",137,87,16.50,4.05
01/01/0001 00:00:00,01/01/0001 00:00:00,1,5.12,"No ",137,261,16.50,4.06
01/01/0001 00:00:00,01/01/0001 00:00:00,1,1.85,"No ",239,263,9.50,1.50
01/01/0001 00:00:00,01/01/0001 00:00:00,1,1.34,"No ",239,238,7.00,0.00
01/01/0001 00:00:00,01/01/0001 00:00:00,1,1.6,"No ",231,79,9.50,2.65
01/01/0001 00:00:00,01/01/0001 00:00:00,1,2.39,"No ",231,107,10.50,1.43
01/01/0001 00:00:00,01/01/0001 00:00:00,1,4.28,"No ",161,74,18.50,6.69
01/01/0001 00:00:00,01/01/0001 00:00:00,1,1.2,"No ",161,50,7.50,2.25
01/01/0001 00:00:00,01/01/0001 00:00:00,1,1.6,"No ",107,162,8.00,0.00
01/01/0001 00:00:00,01/01/0001 00:00:00,1,0.37,"No ",107,137,3.50,0.73
01/01/0001 00:00:00,01/01/0001 00:00:00,1,5.1,"No ",48,42,17.50,3.20
01/01/0001 00:00:00,01/01/0001 00:00:00,1,0.72,"No ",48,48,7.50,2.26
01/01/0001 00:00:00,01/01/0001 00:00:00,1,1.75,"No ",141,236,8.00,1.18
01/01/0001 00:00:00,01/01/0001 00:00:00,1,8.28,"No ",141,127,25.00,4.00
01/01/0001 00:00:00,01/01/0001 00:00:00,1,0.42,"No ",141,141,3.50,1.46
01/01/0001 00:00:00,01/01/0001 00:00:00,1,2.69,"No ",48,236,12.50,3.26
01/01/0001 00:00:00,01/01/0001 00:00:00,1,2.63,"No ",48,161,13.50,0.00
01/01/0001 00:00:00,01/01/0001 00:00:00,1,9,"No ",148,74,29.00,6.55
01/01/0001 00:00:00,01/01/0001 00:00:00,1,8.55,"No ",148,41,28.50,6.46
01/01/0001 00:00:00,01/01/0001 00:00:00,1,2.07,"No ",79,170,10.00,2.76
01/01/0001 00:00:00,01/01/0001 00:00:00,1,5.38,"No ",79,74,23.00,2.00
01/01/0001 00:00:00,01/01/0001 00:00:00,1,0.9,"No ",142,239,5.50,2.75
01/01/0001 00:00:00,01/01/0001 00:00:00,1,3.21,"No ",142,75,15.50,3.86
01/01/0001 00:00:00,01/01/0001 00:00:00,1,1.9,"No ",239,50,8.00,0.00
01/01/0001 00:00:00,01/01/0001 00:00:00,1,4.73,"No ",239,79,21.00,4.96
01/01/0001 00:00:00,01/01/0001 00:00:00,1,1.3,"No ",79,249,7.50,0.00
01/01/0001 00:00:00,01/01/0001 00:00:00,1,2.1,"No ",79,246,11.50,0.00
01/01/0001 00:00:00,01/01/0001 00:00:00,1,6.65,"No ",79,49,21.50,0.00
01/01/0001 00:00:00,01/01/0001 00:00:00,1,0.4,"No ",79,107,3.50,0.00
01/01/0001 00:00:00,01/01/0001 00:00:00,1,1.13,"No ",79,234,8.00,2.36
01/01/0001 00:00:00,01/01/0001 00:00:00,1,0.8,"No ",239,151,5.00,1.00
01/01/0001 00:00:00,01/01/0001 00:00:00,1,0.9,"No ",239,239,5.00,1.75
01/01/0001 00:00:00,01/01/0001 00:00:00,1,3.32,"No ",142,186,17.00,4.16
01/01/0001 00:00:00,01/01/0001 00:00:00,1,1.2,"No ",142,237,7.50,1.00
01/01/0001 00:00:00,01/01/0001 00:00:00,1,2.33,"No ",107,229,11.00,2.96
01/01/0001 00:00:00,01/01/0001 00:00:00,1,1,"No ",107,113,6.50,1.55
01/01/0001 00:00:00,01/01/0001 00:00:00,1,2.7,"No ",246,239,12.00,3.20
01/01/0001 00:00:00,01/01/0001 00:00:00,1,3.25,"No ",246,79,19.00,4.56
01/01/0001 00:00:00,01/01/0001 00:00:00,2,3.49,"No ",43,48,38.00,8.36
01/01/0001 00:00:00,01/01/0001 00:00:00,2,2.6,"No ",43,68,12.00,0.00
01/01/0001 00:00:00,01/01/0001 00:00:00,2,1.49,"No ",158,211,8.00,2.95
01/01/0001 00:00:00,01/01/0001 00:00:00,2,1.49,"No ",158,211,8.00,2.95
01/01/0001 00:00:00,01/01/0001 00:00:00,1,3.68,"No ",48,144,16.00,0.00
01/01/0001 00:00:00,01/01/0001 00:00:00,1,3.49,"No ",48,263,18.00,4.36
01/01/0001 00:00:00,01/01/0001 00:00:00,2,1.4,"No ",249,144,8.50,2.70
01/01/0001 00:00:00,01/01/0001 00:00:00,2,4.52,"No ",249,145,17.50,5.48
01/01/0001 00:00:00,01/01/0001 00:00:00,1,0.52,"No ",164,170,4.50,1.66
01/01/0001 00:00:00,01/01/0001 00:00:00,1,2.05,"No ",164,237,11.50,3.06
01/01/0001 00:00:00,01/01/0001 00:00:00,1,2.83,"No ",237,68,13.50,3.46
01/01/0001 00:00:00,01/01/0001 00:00:00,1,1.68,"No ",237,263,7.50,3.39
01/01/0001 00:00:00,01/01/0001 00:00:00,2,0.87,"No ",140,237,5.50,1.86
01/01/0001 00:00:00,01/01/0001 00:00:00,2,8.1,"No ",140,243,25.00,5.75
01/01/0001 00:00:00,01/01/0001 00:00:00,1,2.41,"No ",48,170,13.00,3.36
01/01/0001 00:00:00,01/01/0001 00:00:00,1,1.54,"No ",48,186,11.00,2.96
01/01/0001 00:00:00,01/01/0001 00:00:00,1,0.9,"No ",164,233,6.00,2.45
01/01/0001 00:00:00,01/01/0001 00:00:00,1,0.43,"No ",164,164,4.50,0.00
01/01/0001 00:00:00,01/01/0001 00:00:00,1,3.51,"No ",246,87,14.50,3.66
01/01/0001 00:00:00,01/01/0001 00:00:00,1,1.93,"No ",246,113,8.50,2.00
01/01/0001 00:00:00,01/01/0001 00:00:00,1,1.01,"No ",79,137,6.00,0.00
01/01/0001 00:00:00,01/01/0001 00:00:00,1,0.62,"No ",79,113,5.50,1.86
01/01/0001 00:00:00,01/01/0001 00:00:00,1,0.78,"No ",137,164,5.50,1.86
01/01/0001 00:00:00,01/01/0001 00:00:00,1,3.75,"No ",137,145,14.50,3.66
01/01/0001 00:00:00,01/01/0001 00:00:00,1,3.64,"No ",229,74,13.00,0.00
01/01/0001 00:00:00,01/01/0001 00:00:00,1,1.36,"No ",229,140,7.00,2.16
01/01/0001 00:00:00,01/01/0001 00:00:00,1,4.23,"No ",229,7,15.00,3.76
01/01/0001 00:00:00,01/01/0001 00:00:00,1,3.19,"No ",141,137,13.00,0.00
01/01/0001 00:00:00,01/01/0001 00:00:00,1,2.53,"No ",141,74,8.50,0.00
01/01/0001 00:00:00,01/01/0001 00:00:00,1,4.86,"No ",263,186,18.50,0.00
01/01/0001 00:00:00,01/01/0001 00:00:00,1,1.1,"No ",263,237,6.00,1.00
01/01/0001 00:00:00,01/01/0001 00:00:00,1,1.33,"No ",236,239,6.50,3.09
01/01/0001 00:00:00,01/01/0001 00:00:00,1,2.26,"No ",236,140,9.00,0.00
01/01/0001 00:00:00,01/01/0001 00:00:00,1,3.33,"No ",246,113,15.50,3.86
01/01/0001 00:00:00,01/01/0001 00:00:00,1,10.6,"No ",246,14,34.00,25.00
01/01/0001 00:00:00,01/01/0001 00:00:00,2,4.12,"No ",229,4,14.50,0.00
01/01/0001 00:00:00,01/01/0001 00:00:00,2,0.01,"No ",229,244,2.50,0.00
01/01/0001 00:00:00,01/01/0001 00:00:00,1,0.39,"No ",137,137,3.50,1.00
01/01/0001 00:00:00,01/01/0001 00:00:00,1,2.8,"No ",137,263,12.00,3.16
01/01/0001 00:00:00,01/01/0001 00:00:00,2,4.39,"No ",263,224,16.00,0.00
01/01/0001 00:00:00,01/01/0001 00:00:00,2,2.75,"No ",263,48,12.00,3.16
01/01/0001 00:00:00,01/01/0001 00:00:00,1,0.9,"No ",79,148,8.00,2.35
01/01/0001 00:00:00,01/01/0001 00:00:00,1,4.21,"No ",79,143,17.00,2.08
01/01/0001 00:00:00,01/01/0001 00:00:00,1,7.87,"No ",231,237,26.50,6.06
01/01/0001 00:00:00,01/01/0001 00:00:00,1,0.87,"No ",231,88,5.50,0.00
01/01/0001 00:00:00,01/01/0001 00:00:00,1,7.67,"No ",163,255,31.00,6.96
01/01/0001 00:00:00,01/01/0001 00:00:00,1,1.36,"No ",163,170,9.00,2.56
01/01/0001 00:00:00,01/01/0001 00:00:00,1,1.51,"No ",107,186,9.00,1.20
01/01/0001 00:00:00,01/01/0001 00:00:00,1,1.69,"No ",107,161,11.50,3.82
01/01/0001 00:00:00,01/01/0001 00:00:00,1,1.6,"No ",239,236,9.50,3.32
01/01/0001 00:00:00,01/01/0001 00:00:00,1,0.8,"No ",239,239,4.50,1.65
01/01/0001 00:00:00,01/01/0001 00:00:00,5,3.08,"No ",239,74,12.00,0.00
01/01/0001 00:00:00,01/01/0001 00:00:00,5,6.04,"No ",239,129,22.00,0.00
01/01/0001 00:00:00,01/01/0001 00:00:00,1,1.94,"No ",107,229,8.00,2.95
01/01/0001 00:00:00,01/01/0001 00:00:00,1,4.34,"No ",107,239,17.50,0.00
01/01/0001 00:00:00,01/01/0001 00:00:00,1,2.58,"No ",142,263,10.50,0.00
01/01/0001 00:00:00,01/01/0001 00:00:00,1,4.52,"No ",142,158,21.50,5.06
01/01/0001 00:00:00,01/01/0001 00:00:00,1,1.13,"No ",170,79,7.00,2.16
01/01/0001 00:00:00,01/01/0001 00:00:00,1,6.16,"No ",170,129,19.00,4.50
01/01/0001 00:00:00,01/01/0001 00:00:00,1,3.89,"No ",238,116,12.50,0.00
01/01/0001 00:00:00,01/01/0001 00:00:00,1,1.4,"No ",238,237,6.50,2.06
01/01/0001 00:00:00,01/01/0001 00:00:00,1,0.89,"No ",263,262,5.00,1.76
01/01/0001 00:00:00,01/01/0001 00:00:00,1,2.43,"No ",263,238,12.50,3.26
01/01/0001 00:00:00,01/01/0001 00:00:00,1,0.8,"No ",148,79,17.50,0.00
01/01/0001 00:00:00,01/01/0001 00:00:00,1,2.58,"No ",148,162,12.00,0.00
01/01/0001 00:00:00,01/01/0001 00:00:00,1,1.47,"No ",246,48,9.50,0.00
01/01/0001 00:00:00,01/01/0001 00:00:00,1,1.89,"No ",246,48,12.00,3.16
01/01/0001 00:00:00,01/01/0001 00:00:00,1,4.01,"No ",148,189,16.00,3.96
01/01/0001 00:00:00,01/01/0001 00:00:00,1,2.38,"No ",148,170,11.50,3.06
01/01/0001 00:00:00,01/01/0001 00:00:00,2,1.5,Yes,113,209,7.50,0.00
01/01/0001 00:00:00,01/01/0001 00:00:00,2,1.92,"No ",113,233,10.50,2.86
01/01/0001 00:00:00,01/01/0001 00:00:00,1,3.01,"No ",4,229,13.50,3.46
01/01/0001 00:00:00,01/01/0001 00:00:00,1,1.63,"No ",4,107,7.50,0.00
01/01/0001 00:00:00,01/01/0001 00:00:00,1,1,"No ",148,79,7.00,0.00
01/01/0001 00:00:00,01/01/0001 00:00:00,1,10.09,"No ",148,116,31.50,0.00
01/01/0001 00:00:00,01/01/0001 00:00:00,1,0.88,"No ",170,186,6.00,1.96
01/01/0001 00:00:00,01/01/0001 00:00:00,1,6.33,"No ",170,80,24.50,8.49
01/01/0001 00:00:00,01/01/0001 00:00:00,1,2.3,"No ",144,233,10.00,2.75
01/01/0001 00:00:00,01/01/0001 00:00:00,1,4.2,"No ",144,141,19.50,0.00
01/01/0001 00:00:00,01/01/0001 00:00:00,1,9.33,"No ",239,49,33.00,7.36
01/01/0001 00:00:00,01/01/0001 00:00:00,1,1.6,"No ",239,41,7.50,2.25
01/01/0001 00:00:00,01/01/0001 00:00:00,1,1.3,"No ",107,90,7.00,0.00
01/01/0001 00:00:00,01/01/0001 00:00:00,1,0.6,"No ",107,137,4.00,1.56
01/01/0001 00:00:00,01/01/0001 00:00:00,1,0.4,"No ",170,137,4.00,1.55
01/01/0001 00:00:00,01/01/0001 00:00:00,1,2.24,"No ",170,263,9.00,2.20
01/01/0001 00:00:00,01/01/0001 00:00:00,1,1.34,"No ",231,144,9.00,2.56
01/01/0001 00:00:00,01/01/0001 00:00:00,1,1.82,"No ",231,79,10.00,2.00
01/01/0001 00:00:00,01/01/0001 00:00:00,1,4.13,"No ",249,50,18.00,0.00
01/01/0001 00:00:00,01/01/0001 00:00:00,1,1.69,"No ",249,186,7.00,0.00
01/01/0001 00:00:00,01/01/0001 00:00:00,3,4.1,"No ",79,262,14.50,0.00
01/01/0001 00:00:00,01/01/0001 00:00:00,3,7.4,"No ",79,36,27.50,4.00
01/01/0001 00:00:00,01/01/0001 00:00:00,1,0.5,"No ",48,230,10.00,2.76
01/01/0001 00:00:00,01/01/0001 00:00:00,1,1.14,"No ",48,68,8.00,1.50
01/01/0001 00:00:00,01/01/0001 00:00:00,1,5.1,"No ",237,42,19.50,3.00
01/01/0001 00:00:00,01/01/0001 00:00:00,1,2,"No ",237,48,12.00,3.95
01/01/0001 00:00:00,01/01/0001 00:00:00,1,4.41,"No ",87,163,18.50,0.00
01/01/0001 00:00:00,01/01/0001 00:00:00,1,4.8,"No ",87,164,17.00,4.15
01/01/0001 00:00:00,01/01/0001 00:00:00,1,1.84,"No ",48,143,12.50,0.00
01/01/0001 00:00:00,01/01/0001 00:00:00,1,0.6,"No ",48,50,5.50,2.75
01/01/0001 00:00:00,01/01/0001 00:00:00,2,2.41,"No ",161,140,11.00,2.96
01/01/0001 00:00:00,01/01/0001 00:00:00,2,5.2,"No ",161,209,19.50,2.33
01/01/0001 00:00:00,01/01/0001 00:00:00,1,0.9,"No ",170,137,6.50,0.00
01/01/0001 00:00:00,01/01/0001 00:00:00,1,1.3,"No ",170,229,6.50,1.00
01/01/0001 00:00:00,01/01/0001 00:00:00,1,2.2,Yes,79,233,10.00,2.75
01/01/0001 00:00:00,01/01/0001 00:00:00,1,0.6,"No ",79,113,5.50,0.00
01/01/0001 00:00:00,01/01/0001 00:00:00,1,3.7,"No ",234,87,16.00,3.95
01/01/0001 00:00:00,01/01/0001 00:00:00,1,8.64,"No ",234,116,32.50,0.00
01/01/0001 00:00:00,01/01/0001 00:00:00,1,1.99,"No ",79,170,10.00,2.50
01/01/0001 00:00:00,01/01/0001 00:00:00,1,1.6,"No ",79,170,6.50,15.00
01/01/0001 00:00:00,01/01/0001 00:00:00,1,4.7,"No ",45,141,17.00,0.00
01/01/0001 00:00:00,01/01/0001 00:00:00,1,0.1,"No ",45,45,4.00,0.00
01/01/0001 00:00:00,01/01/0001 00:00:00,1,2.9,"No ",236,142,12.00,3.16
01/01/0001 00:00:00,01/01/0001 00:00:00,1,0.5,Yes,236,236,4.50,0.00
01/01/0001 00:00:00,01/01/0001 00:00:00,1,4.48,"No ",148,141,16.50,2.00
01/01/0001 00:00:00,01/01/0001 00:00:00,1,3.76,"No ",148,181,14.50,4.58
01/01/0001 00:00:00,01/01/0001 00:00:00,2,1.44,"No ",164,161,8.50,2.46
01/01/0001 00:00:00,01/01/0001 00:00:00,2,4.87,"No ",164,87,17.50,4.26
01/01/0001 00:00:00,01/01/0001 00:00:00,2,1,"No ",170,234,5.50,0.00
01/01/0001 00:00:00,01/01/0001 00:00:00,2,5.87,"No ",170,80,19.00,7.23
01/01/0001 00:00:00,01/01/0001 00:00:00,1,0.67,"No ",107,107,4.50,2.08
01/01/0001 00:00:00,01/01/0001 00:00:00,1,4.12,"No ",107,142,16.50,5.08
01/01/0001 00:00:00,01/01/0001 00:00:00,1,0.8,"No ",170,164,5.50,1.50
01/01/0001 00:00:00,01/01/0001 00:00:00,1,2.55,"No ",170,263,9.50,2.66
01/01/0001 00:00:00,01/01/0001 00:00:00,1,3.43,"No ",79,163,15.00,0.00
01/01/0001 00:00:00,01/01/0001 00:00:00,1,2.67,"No ",79,140,11.50,1.53
01/01/0001 00:00:00,01/01/0001 00:00:00,1,1.1,"No ",48,100,9.50,0.00
01/01/0001 00:00:00,01/01/0001 00:00:00,1,2.11,"No ",48,234,14.50,1.00
01/01/0001 00:00:00,01/01/0001 00:00:00,1,0.7,"No ",164,100,5.00,1.00
01/01/0001 00:00:00,01/01/0001 00:00:00,1,0.5,"No ",164,107,4.00,1.55
01/01/0001 00:00:00,01/01/0001 00:00:00,1,0.68,"No ",233,229,4.50,1.66
01/01/0001 00:00:00,01/01/0001 00:00:00,1,0.59,"No ",233,137,5.00,1.76
01/01/0001 00:00:00,01/01/0001 00:00:00,1,0.1,"No ",170,170,3.00,0.00
01/01/0001 00:00:00,01/01/0001 00:00:00,1,4.3,"No ",170,87,14.00,1.00
01/01/0001 00:00:00,01/01/0001 00:00:00,1,2.3,"No ",263,74,9.00,2.55
01/01/0001 00:00:00,01/01/0001 00:00:00,1,0.5,"No ",263,263,4.00,0.01
01/01/0001 00:00:00,01/01/0001 00:00:00,1,2.04,"No ",237,238,9.00,1.92
01/01/0001 00:00:00,01/01/0001 00:00:00,1,0.9,"No ",237,161,6.00,1.95
01/01/0001 00:00:00,01/01/0001 00:00:00,1,0.95,"No ",137,162,5.50,1.86
01/01/0001 00:00:00,01/01/0001 00:00:00,1,0.63,"No ",137,162,4.50,1.66
01/01/0001 00:00:00,01/01/0001 00:00:00,1,4.2,"No ",151,244,14.50,0.00
01/01/0001 00:00:00,01/01/0001 00:00:00,1,1.4,"No ",151,24,8.50,2.00
01/01/0001 00:00:00,01/01/0001 00:00:00,1,1.9,"No ",164,158,11.50,3.80
01/01/0001 00:00:00,01/01/0001 00:00:00,1,1.84,"No ",164,249,8.50,2.46
01/01/0001 00:00:00,01/01/0001 00:00:00,1,2.5,"No ",170,43,10.50,3.58
01/01/0001 00:00:00,01/01/0001 00:00:00,1,2.89,"No ",170,263,10.50,1.43
01/01/0001 00:00:00,01/01/0001 00:00:00,1,6.12,"No ",148,239,25.50,5.86
01/01/0001 00:00:00,01/01/0001 00:00:00,1,2.5,"No ",148,68,10.00,2.76
01/01/0001 00:00:00,01/01/0001 00:00:00,1,3.43,"No ",148,80,17.50,6.39
01/01/0001 00:00:00,01/01/0001 00:00:00,1,1.24,"No ",148,79,8.00,1.00
01/01/0001 00:00:00,01/01/0001 00:00:00,1,2.38,"No ",13,249,9.00,2.56
01/01/0001 00:00:00,01/01/0001 00:00:00,1,1.15,"No ",13,209,6.50,1.65
01/01/0001 00:00:00,01/01/0001 00:00:00,1,1.36,"No ",141,75,5.50,0.00
01/01/0001 00:00:00,01/01/0001 00:00:00,1,2.06,"No ",141,170,9.00,0.00
01/01/0001 00:00:00,01/01/0001 00:00:00,1,4.02,"No ",263,166,14.50,4.00
01/01/0001 00:00:00,01/01/0001 00:00:00,1,4.4,"No ",263,226,15.00,3.75
01/01/0001 00:00:00,01/01/0001 00:00:00,1,1.9,"No ",170,229,9.50,2.00
01/01/0001 00:00:00,01/01/0001 00:00:00,1,5.63,"No ",170,80,18.00,5.58
01/01/0001 00:00:00,01/01/0001 00:00:00,1,0.9,"No ",48,50,5.50,1.85
01/01/0001 00:00:00,01/01/0001 00:00:00,1,1.2,"No ",48,68,7.00,0.00
01/01/0001 00:00:00,01/01/0001 00:00:00,1,5.74,"No ",263,116,19.00,5.70
01/01/0001 00:00:00,01/01/0001 00:00:00,1,2.68,"No ",263,233,11.50,3.06
01/01/0001 00:00:00,01/01/0001 00:00:00,1,5.56,"No ",48,261,22.50,2.00
01/01/0001 00:00:00,01/01/0001 00:00:00,1,3.11,"No ",48,107,17.50,6.39
01/01/0001 00:00:00,01/01/0001 00:00:00,1,1.2,"No ",236,238,6.50,0.00
01/01/0001 00:00:00,01/01/0001 00:00:00,1,7.46,"No ",236,127,23.50,5.46
01/01/0001 00:00:00,01/01/0001 00:00:00,2,3,"No ",142,263,14.00,4.45
01/01/0001 00:00:00,01/01/0001 00:00:00,2,2.7,"No ",142,262,13.00,3.35
01/01/0001 00:00:00,01/01/0001 00:00:00,1,1.3,"No ",164,114,6.50,2.05
01/01/0001 00:00:00,01/01/0001 00:00:00,1,1.74,"No ",164,79,11.50,0.00
01/01/0001 00:00:00,01/01/0001 00:00:00,2,4.4,"No ",164,65,17.50,4.25
01/01/0001 00:00:00,01/01/0001 00:00:00,2,2.69,"No ",164,263,10.00,2.76
01/01/0001 00:00:00,01/01/0001 00:00:00,1,2.57,"No ",141,79,11.00,0.00
01/01/0001 00:00:00,01/01/0001 00:00:00,1,2.1,"No ",141,170,10.00,2.76
01/01/0001 00:00:00,01/01/0001 00:00:00,1,1.15,"No ",48,68,7.00,2.16
01/01/0001 00:00:00,01/01/0001 00:00:00,1,1.65,"No ",48,170,11.00,2.96
01/01/0001 00:00:00,01/01/0001 00:00:00,1,4.71,"No ",211,237,17.50,0.00
01/01/0001 00:00:00,01/01/0001 00:00:00,1,1.7,"No ",211,87,7.50,3.35
01/01/0001 00:00:00,01/01/0001 00:00:00,1,1,"No ",163,143,6.50,1.00
01/01/0001 00:00:00,01/01/0001 00:00:00,1,2.59,"No ",163,151,12.00,0.00
01/01/0001 00:00:00,01/01/0001 00:00:00,1,2.08,"No ",164,140,13.00,10.00
01/01/0001 00:00:00,01/01/0001 00:00:00,1,9.09,"No ",164,61,32.00,8.95
01/01/0001 00:00:00,01/01/0001 00:00:00,4,4.8,"No ",231,97,20.00,4.75
01/01/0001 00:00:00,01/01/0001 00:00:00,4,10.12,"No ",231,7,32.00,5.00
01/01/0001 00:00:00,01/01/0001 00:00:00,1,6.1,"No ",162,256,22.00,5.15
01/01/0001 00:00:00,01/01/0001 00:00:00,1,3.96,"No ",162,226,15.00,3.76
01/01/0001 00:00:00,01/01/0001 00:00:00,1,5.9,"No ",161,226,25.00,0.00
01/01/0001 00:00:00,01/01/0001 00:00:00,1,5.9,"No ",161,226,25.00,0.00
01/01/0001 00:00:00,01/01/0001 00:00:00,1,3.85,"No ",113,256,17.00,0.00
01/01/0001 00:00:00,01/01/0001 00:00:00,1,2.04,"No ",113,233,9.50,2.66
01/01/0001 00:00:00,01/01/0001 00:00:00,2,3.34,"No ",68,144,15.50,0.00
01/01/0001 00:00:00,01/01/0001 00:00:00,2,4.95,"No ",68,151,19.00,0.00
01/01/0001 00:00:00,01/01/0001 00:00:00,1,3.96,"No ",48,114,19.00,3.00
01/01/0001 00:00:00,01/01/0001 00:00:00,1,9.5,"No ",48,137,36.00,7.95
01/01/0001 00:00:00,01/01/0001 00:00:00,1,2.83,"No ",161,236,11.50,0.00
01/01/0001 00:00:00,01/01/0001 00:00:00,1,4.22,"No ",161,226,16.00,10.00
01/01/0001 00:00:00,01/01/0001 00:00:00,1,3.3,"No ",48,41,13.50,0.00
01/01/0001 00:00:00,01/01/0001 00:00:00,1,2.6,"No ",48,151,10.50,0.00
01/01/0001 00:00:00,01/01/0001 00:00:00,1,2.89,"No ",161,249,13.50,2.00
01/01/0001 00:00:00,01/01/0001 00:00:00,1,3.67,"No ",161,7,14.00,0.00
01/01/0001 00:00:00,01/01/0001 00:00:00,1,0.78,"No ",170,162,5.00,0.00
01/01/0001 00:00:00,01/01/0001 00:00:00,1,1.1,"No ",170,246,10.00,2.75
01/01/0001 00:00:00,01/01/0001 00:00:00,1,2.41,"No ",107,231,12.00,3.16
01/01/0001 00:00:00,01/01/0001 00:00:00,1,7.21,"No ",107,41,26.00,5.96
01/01/0001 00:00:00,01/01/0001 00:00:00,1,1.2,"No ",48,143,5.50,0.00
01/01/0001 00:00:00,01/01/0001 00:00:00,1,3.06,"No ",48,140,20.50,0.00
01/01/0001 00:00:00,01/01/0001 00:00:00,1,1.9,"No ",229,236,7.50,2.25
01/01/0001 00:00:00,01/01/0001 00:00:00,1,1.74,"No ",229,100,9.00,2.56
01/01/0001 00:00:00,01/01/0001 00:00:00,2,2.41,"No ",48,249,14.50,3.66
01/01/0001 00:00:00,01/01/0001 00:00:00,2,5,"No ",48,42,18.50,4.45
01/01/0001 00:00:00,01/01/0001 00:00:00,1,1.98,"No ",48,238,9.00,0.00
01/01/0001 00:00:00,01/01/0001 00:00:00,1,5.12,"No ",48,166,17.50,4.26
01/01/0001 00:00:00,01/01/0001 00:00:00,1,4.31,"No ",48,79,20.50,4.00
01/01/0001 00:00:00,01/01/0001 00:00:00,1,2.6,"No ",48,161,19.50,0.00
01/01/0001 00:00:00,01/01/0001 00:00:00,1,3.31,"No ",48,265,90.00,0.00
01/01/0001 00:00:00,01/01/0001 00:00:00,1,11.8,"No ",79,127,42.50,9.26
01/01/0001 00:00:00,01/01/0001 00:00:00,1,6.11,"No ",79,43,20.50,1.00
01/01/0001 00:00:00,01/01/0001 00:00:00,1,5.97,"No ",79,74,22.00,5.16
01/01/0001 00:00:00,01/01/0001 00:00:00,1,3.9,"No ",79,145,15.50,5.05
01/01/0001 00:00:00,01/01/0001 00:00:00,1,3.9,"No ",170,13,14.50,0.00
01/01/0001 00:00:00,01/01/0001 00:00:00,1,7.09,"No ",170,129,23.50,6.68
01/01/0001 00:00:00,01/01/0001 00:00:00,2,7.76,"No ",163,65,28.00,6.36
01/01/0001 00:00:00,01/01/0001 00:00:00,2,1.16,"No ",163,161,7.00,0.00
01/01/0001 00:00:00,01/01/0001 00:00:00,2,2.41,"No ",234,231,12.00,3.16
01/01/0001 00:00:00,01/01/0001 00:00:00,2,4.4,"No ",234,239,20.00,4.75
01/01/0001 00:00:00,01/01/0001 00:00:00,1,2.9,"No ",229,114,13.00,4.20
01/01/0001 00:00:00,01/01/0001 00:00:00,1,3.35,"No ",229,50,20.00,5.95
01/01/0001 00:00:00,01/01/0001 00:00:00,1,6.94,"No ",79,239,26.50,12.00
01/01/0001 00:00:00,01/01/0001 00:00:00,1,5,"No ",79,25,17.50,3.20
01/01/0001 00:00:00,01/01/0001 00:00:00,2,10.1,"No ",246,223,32.00,7.15
01/01/0001 00:00:00,01/01/0001 00:00:00,2,2.9,"No ",246,229,15.50,0.00
01/01/0001 00:00:00,01/01/0001 00:00:00,1,3.15,"No ",164,113,15.50,0.00
01/01/0001 00:00:00,01/01/0001 00:00:00,1,4.66,"No ",164,256,19.00,4.56
01/01/0001 00:00:00,01/01/0001 00:00:00,1,7.57,"No ",68,244,26.50,6.06
01/01/0001 00:00:00,01/01/0001 00:00:00,1,1.04,"No ",68,68,5.50,0.93
01/01/0001 00:00:00,01/01/0001 00:00:00,1,1.9,"No ",224,68,10.50,2.00
01/01/0001 00:00:00,01/01/0001 00:00:00,1,1.9,"No ",224,68,10.50,2.00
01/01/0001 00:00:00,01/01/0001 00:00:00,2,2.09,"No ",48,158,11.00,2.96
01/01/0001 00:00:00,01/01/0001 00:00:00,2,1.73,"No ",48,137,11.00,0.00
01/01/0001 00:00:00,01/01/0001 00:00:00,1,0.69,"No ",107,234,6.00,0.00
01/01/0001 00:00:00,01/01/0001 00:00:00,1,0.85,"No ",107,79,5.50,2.79
01/01/0001 00:00:00,01/01/0001 00:00:00,2,1.67,"No ",148,107,8.50,2.46
01/01/0001 00:00:00,01/01/0001 00:00:00,2,4.92,"No ",148,263,20.00,7.14
01/01/0001 00:00:00,01/01/0001 00:00:00,1,1.28,"No ",50,48,6.50,0.00
01/01/0001 00:00:00,01/01/0001 00:00:00,1,3.69,"No ",50,79,17.50,5.32
01/01/0001 00:00:00,01/01/0001 00:00:00,5,11.65,"No ",170,180,38.00,8.36
01/01/0001 00:00:00,01/01/0001 00:00:00,5,0.67,"No ",170,170,4.50,0.00
01/01/0001 00:00:00,01/01/0001 00:00:00,1,1.53,"No ",79,211,8.00,2.36
01/01/0001 00:00:00,01/01/0001 00:00:00,1,1.45,"No ",79,107,7.50,1.70
01/01/0001 00:00:00,01/01/0001 00:00:00,1,7.38,"No ",68,181,27.50,11.23
01/01/0001 00:00:00,01/01/0001 00:00:00,1,2.8,"No ",68,231,11.50,0.00
01/01/0001 00:00:00,01/01/0001 00:00:00,1,1.23,"No ",79,137,7.50,2.26
01/01/0001 00:00:00,01/01/0001 00:00:00,1,2.1,"No ",79,90,10.00,2.75
01/01/0001 00:00:00,01/01/0001 00:00:00,1,1.1,"No ",229,170,7.50,3.35
01/01/0001 00:00:00,01/01/0001 00:00:00,1,1.6,"No ",229,48,10.00,2.75
01/01/0001 00:00:00,01/01/0001 00:00:00,1,0.94,"No ",79,114,5.00,1.76
01/01/0001 00:00:00,01/01/0001 00:00:00,1,1.8,"No ",79,170,8.00,2.95
01/01/0001 00:00:00,01/01/0001 00:00:00,1,13.9,"No ",79,220,40.50,8.85
01/01/0001 00:00:00,01/01/0001 00:00:00,1,4.4,"No ",79,87,14.50,3.65
01/01/0001 00:00:00,01/01/0001 00:00:00,1,2.7,Yes,48,90,12.50,3.25
01/01/0001 00:00:00,01/01/0001 00:00:00,1,0.9,"No ",48,164,6.00,0.00
